Parts of speech,Suffix
বিশেষ্য,"তাহীন
"
বিশেষ্য,"স্ততা
"
বিশেষণ,"
"
বিশেষ্য,"
"
বিশেষ্য,"
"
সর্বনাম,"য়ত
"
বিশেষ্য,"ের
"
বিশেষ্য,"ের
"
বিশেষণ,"দের
"
বিশেষ্য,"ে
"
বিশেষ্য,"রটিতে
"
বিশেষ্য,"ের
"
বিশেষ্য,"মোগতভাবে
"
বিশেষ্য,"
"
বিশেষ্য,"িংয়ের
"
বিশেষণ,"তা
"
বিশেষণ,"ত্বের
"
বিশেষ্য,"
"
বিশেষ্য,"পের
"
বিশেষ্য,"ও
"
বিশেষণ,"দেরও
"
বিশেষ্য,"
"
বিশেষ্য,"ের
"
বিশেষণ,"
"
বিশেষ্য,"
"
বিশেষ্য,"টাকে
"
বিশেষ্য,"জিৎ
"
ক্রিয়া,"লেও
"
বিশেষ্য,"বিদ
"
বিশেষণ,"ামোতে
"
বিশেষ্য,"এর
"
বিশেষ্য,"ের
"
বিশেষ্য,"তে
"
বিশেষ্য,"ায়ণে
"
ক্রিয়া,"ল্ডকে
"
বিশেষ্য,"কে
"
বিশেষ্য,"র
"
বিশেষণ,"
"
বিশেষ্য,"
"
বিশেষণ,"
"
বিশেষণ,"কায়
"
বিশেষ্য,"টাও
"
বিশেষ্য,"র
"
বিশেষ্য,"পড়ুয়া
"
বিশেষ্য,"েও
"
বিশেষ্য,"
"
বিশেষ্য,"তার
"
বিশেষ্য,"ম
"
বিশেষ্য,"র্ভূক্ত
"
বিশেষ্য,"ারকে
"
বিশেষণ,"িধৃত
"
বিশেষ্য,"য়ি
"
বিশেষ্য,"িত
"
বিশেষণ,"
"
বিশেষ্য,"ায়
"
বিশেষণ,"
"
বিশেষ্য,"টাও
"
বিশেষণ,"িণ
"
বিশেষণ,"
"
বিশেষ্য,"
"
বিশেষণ,"
"
বিশেষ্য,"ীদের
"
বিশেষ্য,"ই
"
বিশেষ্য,"য়ায়
"
বিশেষ্য,"
"
বিশেষ্য,"ায়
"
বিশেষ্য,"তা
"
বিশেষ্য,"নগর
"
বিশেষ্য,"
"
বিশেষণ,"
"
বিশেষণ,"ভাবে
"
বিশেষ্য,"ব
"
বিশেষ্য,"কেই
"
বিশেষণ,"
"
বিশেষণ,"তে
"
বিশেষ্য,"র
"
বিশেষ্য,"ীর
"
বিশেষ্য,"
"
বিশেষ্য,"িংয়ে
"
বিশেষ্য,"র
"
বিশেষ্য,"ফি
"
বিশেষ্য,"কে
"
ক্রিয়া,"
"
বিশেষ্য,"াঙ্কার
"
বিশেষ্য,"
"
বিশেষ্য,"
"
বিশেষ্য,"ে
"
বিশেষণ,"গুলো
"
ক্রিয়া,"সেটও
"
বিশেষ্য,"তেও
"
বিশেষ্য,"কাড়া
"
বিশেষ্য,"
"
বিশেষ্য,"নগুলোতে
"
বিশেষ্য,"
"
বিশেষ্য,"টা
"
বিশেষ্য,"াল
"
বিশেষ্য,"ের
"
ক্রিয়া,"ণসহ
"
বিশেষণ,"ক্ষে
"
সর্বনাম,"ই
"
বিশেষণ,"তা
"
বিশেষ্য,"
"
বিশেষ্য,"াভাবে
"
বিশেষ্য,"ের
"
বিশেষ্য,"রাই
"
বিশেষ্য,"
"
বিশেষ্য,"তে
"
বিশেষ্য,"
"
বিশেষ্য,"ও
"
বিশেষণ,"টালমাটাল
"
বিশেষ্য,"িক
"
বিশেষণ,"তার
"
বিশেষ্য,"ও
"
বিশেষ্য,"ম
"
বিশেষ্য,"
"
বিশেষ্য,"
"
বিশেষ্য,"ে
"
বিশেষ্য,"
"
বিশেষ্য,"ীর
"
বিশেষ্য,"ন
"
বিশেষ্য,"ের
"
বিশেষ্য,"
"
অব্যয়,"র
"
বিশেষ্য,"পাত
"
বিশেষ্য,"্র
"
বিশেষণ,"তা
"
বিশেষ্য,"
"
বিশেষণ,"
"
বিশেষ্য,"টাকে
"
বিশেষ্য,"ীসভায়
"
বিশেষণ,"
"
বিশেষ্য,"
"
বিশেষ্য,"ভাব
"
বিশেষ্য,"
"
বিশেষণ,"
"
বিশেষ্য,"জনক
"
বিশেষ্য,"
"
বিশেষণ,"
"
বিশেষণ,"তাকে
"
বিশেষ্য,"গুলো
"
বিশেষ্য,"
"
বিশেষ্য,"তাও
"
বিশেষ্য,"দাতা
"
বিশেষ্য,"র
"
বিশেষ্য,"ক
"
বিশেষ্য,"ের
"
বিশেষণ,"র
"
ক্রিয়া,"লি
"
বিশেষ্য,"েই
"
বিশেষণ,"ানিয়ামের
"
বিশেষ্য,"ের
"
বিশেষণ,"নামে
"
বিশেষ্য,"নুবাদ
"
বিশেষ্য,"ী
"
বিশেষণ,"ও
"
বিশেষ্য,"র
"
বিশেষ্য,"নবাস
"
বিশেষণ,"তা
"
বিশেষ্য,"
"
বিশেষ্য,"
"
বিশেষ্য,"রবনেও
"
বিশেষ্য,"টিকে
"
বিশেষ্য,"
"
বিশেষ্য,"তে
"
বিশেষ্য,"
"
বিশেষ্য,"টা
"
বিশেষ্য,"ালি
"
বিশেষ্য,"র
"
বিশেষ্য,"য়নিয়ার
"
বিশেষ্য,"ন
"
বিশেষণ,"াও
"
বিশেষণ,"
"
বিশেষণ,"ি
"
বিশেষণ,"দিগকে
"
বিশেষ্য,"
"
বিশেষ্য,"সেরূপ
"
বিশেষ্য,"
"
বিশেষ্য,"
"
বিশেষণ,"মনা
"
ক্রিয়া,"র
"
বিশেষ্য,"তে
"
বিশেষ্য,"ও
"
বিশেষ্য,"জা
"
বিশেষ্য,"সি
"
বিশেষণ,"র
"
বিশেষ্য,"ে
"
বিশেষণ,"িভাবে
"
বিশেষ্য,"্যটা
"
বিশেষ্য,"র্বাসে
"
বিশেষ্য,"
"
বিশেষ্য,"
"
বিশেষ্য,"ের
"
বিশেষ্য,"
"
বিশেষণ,"
"
বিশেষ্য,"গুলোও
"
বিশেষ্য,"গুলো
"
বিশেষণ,"
"
বিশেষ্য,"দানায়
"
বিশেষ্য,"ের
"
বিশেষণ,"তকে
"
বিশেষ্য,"িকতা
"
বিশেষ্য,"
"
বিশেষ্য,"কে
"
বিশেষ্য,"
"
বিশেষ্য,"িড়াল
"
বিশেষ্য,"এসএসআই
"
বিশেষ্য,"
"
বিশেষ্য,"ক
"
বিশেষ্য,"ে
"
বিশেষ্য,"ও
"
বিশেষ্য,"
"
বিশেষ্য,"রগ্র্যাজুয়েট
"
বিশেষণ,"
"
বিশেষ্য,"ক
"
বিশেষ্য,"মান
"
বিশেষ্য,"
"
বিশেষ্য,"ের
"
বিশেষ্য,"রে
"
বিশেষ্য,"ে
"
বিশেষ্য,"ইকা
"
বিশেষ্য,"র
"
বিশেষণ,"েও
"
বিশেষ্য,"রই
"
বিশেষ্য,"ও
"
ক্রিয়া,"লেও
"
বিশেষ্য,"নায়
"
বিশেষণ,"লবাও
"
বিশেষণ,"ুর
"
বিশেষণ,"িটা
"
বিশেষ্য,"ীর
"
বিশেষ্য,"ের
"
বিশেষ্য,"জ্জেমকে
"
বিশেষ্য,"ে
"
বিশেষ্য,"িক
"
বিশেষ্য,"্রন
"
বিশেষ্য,"কে
"
বিশেষণ,"ি
"
বিশেষ্য,"
"
বিশেষ্য,"র
"
বিশেষ্য,"
"
বিশেষ্য,"ের
"
বিশেষণ,"্য
"
বিশেষণ,"রাই
"
বিশেষ্য,"পোড়াসহ
"
বিশেষ্য,"
"
বিশেষ্য,"ে
"
বিশেষ্য,"র
"
বিশেষ্য,"ের
"
ক্রিয়া,"ম্মদনগর
"
বিশেষণ,"ে
"
বিশেষ্য,"র
"
বিশেষ্য,"াটা
"
বিশেষ্য,"গণনা
"
বিশেষ্য,"াহীরাও
"
বিশেষণ,"
"
বিশেষ্য,"
"
বিশেষণ,"কে
"
বিশেষ্য,"য়
"
বিশেষণ,"
"
বিশেষ্য,"ীর
"
বিশেষণ,"ানিজাত
"
বিশেষ্য,"
"
ক্রিয়া,"নে
"
বিশেষ্য,"
"
বিশেষ্য,"ের
"
বিশেষণ,"গানটি
"
বিশেষ্য,"ব
"
বিশেষণ,"হ
"
বিশেষ্য,"
"
বিশেষণ,"
"
বিশেষণ,"িহীন
"
বিশেষ্য,"কর
"
বিশেষণ,"ীরা
"
বিশেষণ,"ন্দহ
"
বিশেষ্য,"
"
বিশেষ্য,"ঝড়
"
বিশেষ্য,"ক
"
বিশেষ্য,"
"
ক্রিয়া,"নোর
"
বিশেষ্য,"িককে
"
বিশেষ্য,"য়
"
বিশেষ্য,"ের
"
বিশেষ্য,"
"
বিশেষ্য,"ইলসহ
"
বিশেষ্য,"ে
"
বিশেষ্য,"ে
"
বিশেষ্য,"
"
বিশেষণ,"
"
বিশেষণ,"ী
"
বিশেষ্য,"
"
ক্রিয়া,"টরা
"
বিশেষ্য,"
"
বিশেষ্য,"ফায়ার
"
বিশেষ্য,"
"
বিশেষ্য,"ও
"
বিশেষ্য,"গুলো
"
বিশেষ্য,"ো
"
বিশেষ্য,"পুর
"
বিশেষ্য,"র
"
বিশেষ্য,"সহ
"
বিশেষ্য,"
"
বিশেষ্য,"কে
"
বিশেষ্য,"
"
ক্রিয়া,"চ্ছের
"
বিশেষ্য,"গতকাল
"
বিশেষ্য,"
"
বিশেষ্য,"জোকা
"
বিশেষ্য,"জয়ী
"
বিশেষ্য,"ও
"
বিশেষ্য,"
"
বিশেষ্য,"
"
বিশেষ্য,"টিকে
"
বিশেষ্য,"
"
বিশেষ্য,"
"
বিশেষ্য,"েই
"
বিশেষ্য,"স
"
বিশেষণ,"
"
বিশেষণ,"িকে
"
বিশেষণ,"
"
বিশেষ্য,"দিয়া
"
বিশেষণ,"
"
বিশেষ্য,"
"
বিশেষণ,"
"
বিশেষণ,"ভাবে
"
বিশেষ্য,"
"
বিশেষণ,"
"
বিশেষ্য,"ীকে
"
বিশেষণ,"ের
"
বিশেষ্য,"কে
"
বিশেষ্য,"কের
"
বিশেষ্য,"দের
"
বিশেষ্য,"তেও
"
বিশেষ্য,"তাই
"
বিশেষ্য,"টি
"
বিশেষ্য,"ির
"
বিশেষ্য,"
"
বিশেষ্য,"টাকেও
"
বিশেষ্য,"য়ান
"
বিশেষণ,"্পার
"
বিশেষণ,"
"
বিশেষ্য,"লুন্দিপুঝা
"
বিশেষণ,"া
"
বিশেষণ,"ছে
"
বিশেষ্য,"ই
"
বিশেষ্য,"
"
বিশেষ্য,"টা
"
বিশেষ্য,"য়েইরের
"
বিশেষ্য,"
"
বিশেষণ,"ট
"
বিশেষ্য,"ে
"
বিশেষণ,"তা
"
বিশেষ্য,"ার
"
বিশেষণ,"য়
"
বিশেষ্য,"কে
"
বিশেষণ,"
"
বিশেষ্য,"ির
"
বিশেষ্য,"
"
বিশেষণ,"দের
"
বিশেষণ,"ভৌমত্ব
"
বিশেষ্য,"
"
বিশেষ্য,"িতে
"
বিশেষ্য,"াড়ীয়া
"
বিশেষ্য,"েও
"
বিশেষ্য,"দ
"
বিশেষ্য,"ে
"
বিশেষ্য,"িং
"
বিশেষ্য,"গুঁড়া
"
বিশেষ্য,"িফে
"
বিশেষ্য,"িতে
"
বিশেষ্য,"ারিও
"
বিশেষণ,"
"
বিশেষ্য,"েও
"
ক্রিয়া,"য়
"
বিশেষ্য,"য়া
"
বিশেষ্য,"
"
বিশেষ্য,"
"
বিশেষ্য,"
"
বিশেষ্য,"ির
"
বিশেষ্য,"রে
"
বিশেষণ,"জন
"
বিশেষ্য,"ালে
"
বিশেষ্য,"দের
"
বিশেষ্য,"মোতে
"
বিশেষ্য,"গুলোই
"
বিশেষণ,"জনদের
"
ক্রিয়া,"ন
"
বিশেষ্য,"ে
"
বিশেষণ,"িই
"
বিশেষ্য,"তে
"
ক্রিয়া,"শোনায়
"
বিশেষ্য,"পিডিয়া
"
বিশেষ্য,"
"
বিশেষণ,"তা
"
বিশেষণ,"িণখান
"
বিশেষ্য,"রা
"
বিশেষণ,"িন
"
বিশেষ্য,"ে
"
ক্রিয়া,"লেও
"
ক্রিয়া,"ং
"
বিশেষ্য,"র
"
বিশেষ্য,"ন
"
বিশেষ্য,"ভান্ডার
"
বিশেষণ,"ারা
"
বিশেষ্য,"ত
"
বিশেষ্য,"
"
বিশেষণ,"
"
বিশেষ্য,"কে
"
বিশেষণ,"
"
বিশেষ্য,"টা
"
বিশেষ্য,"ক
"
বিশেষ্য,"বের
"
বিশেষ্য,"েও
"
বিশেষণ,"জটা
"
বিশেষ্য,"ে
"
বিশেষ্য,"
"
বিশেষ্য,"ে
"
বিশেষ্য,"জ
"
বিশেষ্য,"
"
বিশেষ্য,"ার
"
বিশেষ্য,"ী
"
বিশেষণ,"
"
বিশেষ্য,"
"
বিশেষণ,"ে
"
বিশেষ্য,"
"
বিশেষ্য,"াবটির
"
বিশেষ্য,"ী
"
বিশেষ্য,"টি
"
বিশেষ্য,"াসে
"
বিশেষ্য,"ী
"
ক্রিয়া,"নতবে
"
বিশেষ্য,"রা
"
বিশেষ্য,"ণালয়
"
বিশেষণ,"ভেক্টর
"
বিশেষ্য,"কে
"
বিশেষ্য,"গুলো
"
বিশেষ্য,"তে
"
বিশেষ্য,"োৎসব
"
বিশেষ্য,"হাটে
"
বিশেষ্য,"ভান
"
বিশেষ্য,"ির
"
বিশেষণ,"
"
বিশেষ্য,"
"
বিশেষ্য,"া
"
বিশেষ্য,"
"
বিশেষ্য,"
"
বিশেষ্য,"ক
"
বিশেষ্য,"ণ
"
বিশেষ্য,"া
"
বিশেষ্য,"
"
বিশেষণ,"ি
"
বিশেষ্য,"
"
ক্রিয়া,"ম
"
বিশেষ্য,"ি
"
বিশেষ্য,"গুলোর
"
বিশেষ্য,"তে
"
বিশেষণ,"ার
"
বিশেষ্য,"হচ্ছে
"
বিশেষণ,"ি
"
বিশেষণ,"দি
"
বিশেষণ,"
"
বিশেষণ,"
"
বিশেষ্য,"ে
"
ক্রিয়া,"র্ড
"
বিশেষ্য,"সংস্থান
"
বিশেষ্য,"া
"
বিশেষ্য,"
"
বিশেষ্য,"সহ
"
বিশেষ্য,"িক
"
বিশেষ্য,"টার
"
বিশেষ্য,"ই
"
বিশেষণ,"
"
বিশেষ্য,"
"
বিশেষণ,"ি
"
বিশেষ্য,"
"
বিশেষ্য,"
"
বিশেষ্য,"আরইটিয়ের
"
বিশেষ্য,"ালীর
"
বিশেষ্য,"গুলো
"
বিশেষ্য,"ত্ব
"
বিশেষ্য,"
"
বিশেষ্য,"
"
বিশেষ্য,"টির
"
বিশেষ্য,"হার
"
বিশেষ্য,"সহ
"
বিশেষ্য,"িও
"
বিশেষ্য,"াটা
"
বিশেষ্য,"গুলো
"
বিশেষ্য,"িকা
"
বিশেষ্য,"ে
"
বিশেষ্য,"তীয়টি
"
বিশেষণ,"ের
"
ক্রিয়া,"র
"
বিশেষ্য,"র
"
বিশেষ্য,"
"
বিশেষ্য,"
"
বিশেষণ,"োর
"
বিশেষ্য,"কের
"
বিশেষ্য,"গরিসহ
"
বিশেষণ,"ির
"
বিশেষ্য,"েরই
"
বিশেষ্য,"ে
"
বিশেষ্য,"ের
"
বিশেষ্য,"ইয়ের
"
বিশেষ্য,"ের
"
বিশেষ্য,"ইজার
"
বিশেষণ,"
"
বিশেষ্য,"াবলি
"
বিশেষ্য,"
"
বিশেষ্য,"র
"
বিশেষ্য,"র
"
বিশেষ্য,"ীদের
"
বিশেষ্য,"বাদে
"
বিশেষণ,"টি
"
বিশেষণ,"
"
বিশেষ্য,"য়
"
বিশেষণ,"কার
"
বিশেষ্য,"র
"
বিশেষ্য,"িতা
"
বিশেষণ,"তা
"
বিশেষণ,"
"
বিশেষ্য,"টি
"
বিশেষ্য,"নগর
"
বিশেষ্য,"ড়া
"
বিশেষ্য,"িমেন্টও
"
ক্রিয়া,"তগুন্ডাবদমাশ
"
বিশেষ্য,"ট্রিক
"
বিশেষ্য,"েই
"
বিশেষণ,"ান
"
বিশেষণ,"
"
বিশেষণ,"সহ
"
বিশেষণ,"িতে
"
বিশেষ্য,"
"
বিশেষণ,"
"
বিশেষ্য,"লে
"
বিশেষ্য,"কে
"
ক্রিয়া,"নো
"
বিশেষ্য,"
"
বিশেষ্য,"
"
ক্রিয়া,"র
"
বিশেষ্য,"ের
"
বিশেষণ,"
"
বিশেষণ,"িতে
"
বিশেষণ,"লোকদের
"
বিশেষণ,"িজগতের
"
ক্রিয়া,"নে
"
বিশেষ্য,"
"
বিশেষ্য,"ের
"
বিশেষণ,"
"
বিশেষ্য,"ের
"
বিশেষ্য,"গুলো
"
বিশেষ্য,"ভোগী
"
বিশেষ্য,"তার
"
বিশেষ্য,"েরই
"
বিশেষ্য,"ের
"
বিশেষণ,"
"
বিশেষ্য,"াদের
"
বিশেষ্য,"
"
বিশেষ্য,"কের
"
বিশেষ্য,"
"
বিশেষণ,"
"
বিশেষ্য,"ন
"
বিশেষ্য,"ে
"
বিশেষ্য,"
"
বিশেষ্য,"কার
"
ক্রিয়া,"দ
"
বিশেষ্য,"ী
"
বিশেষ্য,"মসলা
"
বিশেষ্য,"ের
"
বিশেষণ,"টতেই
"
বিশেষণ,"ণটা
"
বিশেষ্য,"ই
"
বিশেষ্য,"ক
"
বিশেষ্য,"কেই
"
অব্যয়,"য়
"
বিশেষ্য,"ে
"
বিশেষ্য,"
"
অব্যয়,"ে
"
বিশেষ্য,"িয়ার
"
বিশেষণ,"ই
"
বিশেষণ,"র
"
বিশেষ্য,"ও
"
বিশেষণ,"ান
"
বিশেষ্য,"
"
বিশেষ্য,"
"
বিশেষ্য,"
"
বিশেষ্য,"কলি
"
বিশেষ্য,"ে
"
বিশেষ্য,"চ্চি
"
বিশেষ্য,"র্ডের
"
বিশেষ্য,"ের
"
বিশেষ্য,"নের
"
বিশেষ্য,"পে
"
বিশেষ্য,"ই
"
বিশেষ্য,"েই
"
বিশেষণ,"ে
"
বিশেষ্য,"ের
"
বিশেষ্য,"ায়তনেই
"
বিশেষ্য,"িটা
"
বিশেষণ,"ির
"
বিশেষ্য,"ক
"
বিশেষণ,"
"
বিশেষ্য,"ও
"
বিশেষ্য,"্দির
"
বিশেষ্য,"বোধ
"
বিশেষ্য,"র্ড
"
বিশেষ্য,"কে
"
ক্রিয়া,"ম
"
বিশেষ্য,"
"
বিশেষ্য,"টি
"
বিশেষ্য,"গুলোর
"
বিশেষ্য,"েন
"
বিশেষ্য,"ে
"
বিশেষ্য,"সব
"
বিশেষ্য,"ের
"
বিশেষ্য,"
"
বিশেষ্য,"য়
"
বিশেষণ,"
"
বিশেষ্য,"
"
ক্রিয়া,"
"
বিশেষণ,"ি
"
বিশেষ্য,"
"
বিশেষ্য,"ের
"
বিশেষণ,"িতেও
"
বিশেষ্য,"কে
"
বিশেষ্য,"স
"
বিশেষণ,"
"
বিশেষ্য,"ের
"
ক্রিয়া,"র
"
ক্রিয়া,"ম
"
বিশেষ্য,"লবাসীর
"
বিশেষ্য,"াদ
"
বিশেষ্য,"ন
"
ক্রিয়া,"
"
বিশেষণ,"ী
"
বিশেষ্য,"রাই
"
বিশেষ্য,"
"
সর্বনাম,"র
"
বিশেষ্য,"ের
"
বিশেষ্য,"া
"
বিশেষ্য,"ে
"
বিশেষ্য,"োরিয়াম
"
বিশেষ্য,"
"
বিশেষণ,"
"
বিশেষ্য,"য়েছেন
"
বিশেষ্য,"ের
"
বিশেষ্য,"নেও
"
বিশেষ্য,"াচল
"
বিশেষ্য,"হীন
"
বিশেষ্য,"
"
বিশেষ্য,"
"
বিশেষ্য,"ে
"
বিশেষ্য,"াশ
"
বিশেষ্য,"েরা
"
বিশেষ্য,"েড
"
বিশেষণ,"িতে
"
বিশেষ্য,"রেও
"
বিশেষ্য,"
"
বিশেষ্য,"ি
"
বিশেষ্য,"
"
বিশেষণ,"
"
বিশেষ্য,"িয়ারিং
"
বিশেষ্য,"শতাধিক
"
বিশেষ্য,"টি
"
বিশেষ্য,"িতকরণের
"
বিশেষণ,"
"
বিশেষ্য,"রে
"
বিশেষণ,"তাও
"
বিশেষ্য,"রও
"
বিশেষণ,"
"
বিশেষ্য,"
"
বিশেষ্য,"না
"
বিশেষ্য,"ক
"
বিশেষ্য,"আশাকে
"
বিশেষ্য,"
"
বিশেষ্য,"
"
বিশেষ্য,"ে
"
বিশেষ্য,"
"
বিশেষ্য,"
"
বিশেষ্য,"ের
"
বিশেষ্য,"গত
"
বিশেষ্য,"
"
বিশেষ্য,"র
"
বিশেষ্য,"ন
"
বিশেষ্য,"ীরাও
"
বিশেষণ,"ের
"
বিশেষ্য,"ও
"
বিশেষ্য,"
"
বিশেষ্য,"ক
"
বিশেষ্য,"নকে
"
বিশেষ্য,"সহ
"
বিশেষ্য,"বা
"
বিশেষণ,"তার
"
বিশেষ্য,"ের
"
ক্রিয়া,"
"
বিশেষ্য,"টাই
"
বিশেষ্য,"হাট
"
বিশেষণ,"ের
"
বিশেষণ,"তামূলকভাবে
"
বিশেষ্য,"নটেকের
"
বিশেষ্য,"য়ে
"
বিশেষ্য,"
"
বিশেষণ,"জ্ঞও
"
বিশেষ্য,"
"
বিশেষ্য,"ের
"
বিশেষ্য,"ে
"
বিশেষ্য,"ানোর
"
বিশেষ্য,"রই
"
বিশেষ্য,"ে
"
বিশেষ্য,"্রটির
"
বিশেষ্য,"া
"
বিশেষণ,"ি
"
বিশেষ্য,"ের
"
বিশেষ্য,"উ
"
বিশেষণ,"দের
"
বিশেষ্য,"
"
বিশেষ্য,"রকল্পের
"
বিশেষ্য,"বাগে
"
বিশেষ্য,"তে
"
বিশেষ্য,"শায়িনী
"
বিশেষ্য,"িংয়ে
"
বিশেষ্য,"ের
"
ক্রিয়া,"র্ডএ
"
বিশেষ্য,"নগরে
"
অব্যয়,"
"
বিশেষ্য,"ি
"
বিশেষ্য,"ীটাকে
"
বিশেষ্য,"শভাবে
"
অব্যয়,"র
"
বিশেষ্য,"
"
বিশেষ্য,"োজ্জ্বল
"
বিশেষ্য,"রোকেই
"
অব্যয়,"
"
বিশেষ্য,"ী
"
বিশেষণ,"
"
বিশেষ্য,"েই
"
বিশেষ্য,"ত
"
বিশেষ্য,"কারই
"
বিশেষ্য,"গ
"
বিশেষণ,"িগুলো
"
বিশেষণ,"িটেকচার
"
বিশেষ্য,"ের
"
ক্রিয়া,"
"
বিশেষ্য,"
"
বিশেষ্য,"
"
ক্রিয়া,"
"
বিশেষ্য,"ীকে
"
বিশেষ্য,"িত
"
বিশেষ্য,"তৎপরতার
"
বিশেষ্য,"পদ
"
বিশেষ্য,"
"
সর্বনাম,"র
"
বিশেষ্য,"্ত্রণ
"
বিশেষ্য,"িজীবীদের
"
বিশেষ্য,"ায়নের
"
বিশেষ্য,"এ
"
বিশেষণ,"তার
"
বিশেষ্য,"ের
"
বিশেষ্য,"
"
বিশেষণ,"বাদের
"
বিশেষ্য,"ি
"
বিশেষ্য,"ভাবেও
"
বিশেষণ,"কে
"
বিশেষ্য,"তেই
"
বিশেষণ,"
"
বিশেষ্য,"
"
বিশেষ্য,"তে
"
বিশেষণ,"
"
বিশেষণ,"জবাদ
"
বিশেষণ,"
"
বিশেষ্য,"য়
"
বিশেষ্য,"কের
"
বিশেষ্য,"জীবী
"
সর্বনাম,"ইল
"
বিশেষণ,"
"
বিশেষণ,"েসে
"
বিশেষ্য,"
"
বিশেষ্য,"
"
বিশেষ্য,"াণের
"
বিশেষ্য,"
"
বিশেষ্য,"
"
বিশেষ্য,"
"
বিশেষ্য,"
"
বিশেষ্য,"ে
"
বিশেষ্য,"ই
"
বিশেষণ,"টটি
"
বিশেষ্য,"য়
"
বিশেষ্য,"র
"
বিশেষ্য,"বাড়ি
"
বিশেষণ,"ের
"
বিশেষ্য,"না
"
বিশেষ্য,"ের
"
বিশেষ্য,"টি
"
বিশেষ্য,"
"
বিশেষণ,"ষকেই
"
বিশেষ্য,"
"
বিশেষণ,"
"
বিশেষ্য,"ে
"
বিশেষ্য,"র
"
বিশেষ্য,"সহ
"
বিশেষণ,"
"
বিশেষ্য,"
"
বিশেষ্য,"ে
"
ক্রিয়া,"পথ
"
ক্রিয়া,"নোয়
"
বিশেষ্য,"র
"
বিশেষ্য,"পটও
"
বিশেষ্য,"তরা
"
বিশেষ্য,"
"
বিশেষ্য,"ুরও
"
বিশেষ্য,"
"
বিশেষ্য,"র
"
বিশেষ্য,"সহ
"
বিশেষ্য,"ল
"
বিশেষ্য,"ও
"
বিশেষণ,"াকে
"
অব্যয়,"টির
"
বিশেষ্য,"র
"
বিশেষ্য,"ী
"
বিশেষ্য,"কি
"
বিশেষ্য,"র
"
বিশেষ্য,"ই
"
বিশেষ্য,"ভুজাকৃতিতে
"
বিশেষ্য,"ট্রিক
"
বিশেষ্য,"কে
"
বিশেষ্য,"কে
"
বিশেষ্য,"ক্যও
"
বিশেষ্য,"ীয়
"
বিশেষ্য,"মো
"
বিশেষ্য,"গুলোতে
"
বিশেষ্য,"ষ্ঠানিকতা
"
বিশেষ্য,"তা
"
বিশেষ্য,"গুলো
"
বিশেষণ,"বাদে
"
বিশেষণ,"
"
বিশেষ্য,"
"
বিশেষণ,"্যের
"
বিশেষ্য,"ান
"
বিশেষ্য,"র
"
বিশেষ্য,"টির
"
বিশেষ্য,"ঠামি
"
বিশেষ্য,"পর্ব
"
বিশেষ্য,"ণের
"
বিশেষণ,"িহাত
"
বিশেষণ,"িত
"
বিশেষ্য,"
"
বিশেষ্য,"টাকে
"
সর্বনাম,"
"
বিশেষণ,"তায়
"
বিশেষ্য,"
"
বিশেষণ,"কই
"
বিশেষ্য,"
"
বিশেষণ,"ফুড
"
বিশেষ্য,"
"
বিশেষ্য,"ের
"
বিশেষ্য,"র
"
বিশেষ্য,"শতক
"
ক্রিয়া,"রে
"
বিশেষ্য,"নএ
"
বিশেষ্য,"
"
বিশেষ্য,"গকেও
"
বিশেষ্য,"ে
"
বিশেষ্য,"
"
বিশেষ্য,"ের
"
বিশেষণ,"ই
"
বিশেষ্য,"দীপ
"
বিশেষণ,"
"
বিশেষ্য,"তে
"
বিশেষ্য,"য়
"
বিশেষ্য,"দের
"
বিশেষ্য,"ক
"
বিশেষ্য,"গুলোর
"
বিশেষ্য,"টাতে
"
বিশেষ্য,"কেও
"
বিশেষ্য,"যান
"
বিশেষণ,"
"
বিশেষ্য,"িকোয়
"
বিশেষ্য,"টা
"
বিশেষ্য,"
"
বিশেষ্য,"াসহ
"
বিশেষ্য,"
"
বিশেষ্য,"র
"
বিশেষ্য,"
"
বিশেষ্য,"টি
"
বিশেষ্য,"টুকু
"
বিশেষণ,"তা
"
ক্রিয়া,"ত
"
বিশেষণ,"
"
বিশেষ্য,"্টসকে
"
বিশেষ্য,"ে
"
বিশেষ্য,"ীতে
"
বিশেষ্য,"
"
বিশেষ্য,"
"
বিশেষণ,"দের
"
বিশেষ্য,"ে
"
বিশেষ্য,"িরও
"
বিশেষ্য,"র
"
বিশেষ্য,"
"
বিশেষ্য,"াল
"
বিশেষ্য,"ে
"
বিশেষ্য,"
"
বিশেষ্য,"ল
"
বিশেষ্য,"র
"
বিশেষণ,"র
"
বিশেষণ,"
"
বিশেষ্য,"গুলো
"
বিশেষ্য,"তলায়
"
বিশেষ্য,"ে
"
বিশেষ্য,"কে
"
বিশেষ্য,"ত
"
বিশেষ্য,"ের
"
বিশেষ্য,"ের
"
বিশেষণ,"
"
বিশেষ্য,"
"
বিশেষণ,"ের
"
বিশেষ্য,"কে
"
বিশেষ্য,"
"
ক্রিয়া,"র
"
বিশেষণ,"তর
"
বিশেষ্য,"গুলোর
"
বিশেষ্য,"ীয়
"
বিশেষ্য,"াও
"
বিশেষ্য,"সঞ্চারী
"
বিশেষণ,"
"
বিশেষ্য,"কাহিনি
"
বিশেষ্য,"ণালয়ও
"
বিশেষ্য,"
"
বিশেষ্য,"ওনি
"
বিশেষ্য,"
"
বিশেষ্য,"ীকে
"
বিশেষ্য,"ণের
"
বিশেষণ,"িকসহ
"
বিশেষ্য,"গুলোতে
"
বিশেষ্য,"সহ
"
বিশেষ্য,"ের
"
বিশেষ্য,"াটির
"
বিশেষণ,"তাই
"
বিশেষণ,"
"
বিশেষ্য,"্ত্রণের
"
বিশেষ্য,"
"
বিশেষ্য,"
"
বিশেষ্য,"ীয়
"
বিশেষণ,"লগুলোর
"
বিশেষণ,"ভাবে
"
বিশেষণ,"মতকে
"
বিশেষ্য,"হীন
"
বিশেষ্য,"ের
"
বিশেষ্য,"র
"
বিশেষ্য,"র
"
বিশেষ্য,"গুলোতে
"
বিশেষ্য,"্থে
"
বিশেষ্য,"কার
"
বিশেষ্য,"দের
"
বিশেষণ,"
"
বিশেষণ,"
"
বিশেষ্য,"কে
"
বিশেষণ,"
"
বিশেষ্য,"নসহ
"
বিশেষ্য,"ে
"
বিশেষণ,"কৃত
"
বিশেষ্য,"েই
"
বিশেষণ,"রি
"
বিশেষ্য,"ে
"
বিশেষ্য,"ন্নুম
"
বিশেষ্য,"ের
"
বিশেষণ,"তামূলকও
"
বিশেষ্য,"ে
"
বিশেষ্য,"ের
"
বিশেষ্য,"আলো
"
ক্রিয়া,"য়েই
"
বিশেষ্য,"ও
"
বিশেষ্য,"র
"
ক্রিয়া,"র
"
বিশেষ্য,"
"
বিশেষ্য,"াঞ্চলের
"
বিশেষণ,"
"
বিশেষণ,"
"
বিশেষ্য,"ি
"
ক্রিয়া,"ম
"
বিশেষণ,"
"
বিশেষ্য,"গত
"
বিশেষ্য,"ি
"
বিশেষ্য,"োত্তর
"
বিশেষ্য,"ও
"
বিশেষ্য,"বে
"
বিশেষ্য,"িত
"
ক্রিয়া,"কে
"
বিশেষ্য,"ের
"
বিশেষ্য,"য়
"
বিশেষ্য,"
"
বিশেষণ,"
"
বিশেষ্য,"
"
বিশেষ্য,"
"
বিশেষণ,"িকটু
"
বিশেষ্য,"ীদের
"
বিশেষ্য,"গুলোকে
"
বিশেষ্য,"ও
"
বিশেষ্য,"তেই
"
বিশেষ্য,"াঞ্চলে
"
বিশেষণ,"র
"
বিশেষ্য,"ের
"
বিশেষ্য,"ে
"
বিশেষ্য,"র
"
বিশেষ্য,"র
"
ক্রিয়া,"ং
"
বিশেষণ,"
"
বিশেষণ,"ত্বের
"
বিশেষণ,"িমার
"
বিশেষ্য,"র
"
বিশেষ্য,"
"
বিশেষ্য,"
"
বিশেষ্য,"
"
বিশেষ্য,"
"
বিশেষণ,"ঙ্গনা
"
বিশেষ্য,"কতা
"
বিশেষ্য,"গুলোকে
"
বিশেষ্য,"
"
বিশেষ্য,"কাশ
"
বিশেষণ,"
"
বিশেষ্য,"ার
"
বিশেষণ,"িকই
"
বিশেষ্য,"য়
"
বিশেষণ,"
"
ক্রিয়া,"
"
বিশেষ্য,"ে
"
বিশেষ্য,"্রোবায়োলজির
"
বিশেষ্য,"র
"
বিশেষ্য,"
"
বিশেষ্য,"
"
বিশেষণ,"
"
বিশেষ্য,"ালয়সহ
"
বিশেষ্য,"
"
বিশেষ্য,"িণীরা
"
বিশেষ্য,"য়
"
বিশেষ্য,"ের
"
বিশেষ্য,"ে
"
বিশেষ্য,"ে
"
বিশেষ্য,"ন
"
বিশেষ্য,"ই
"
বিশেষণ,"া
"
বিশেষণ,"
"
বিশেষ্য,"ী
"
বিশেষণ,"তা
"
বিশেষ্য,"কে
"
বিশেষ্য,"ৃত
"
বিশেষ্য,"
"
বিশেষ্য,"থ
"
বিশেষ্য,"
"
বিশেষ্য,"তেও
"
বিশেষণ,"কে
"
বিশেষ্য,"ের
"
ক্রিয়া,"দময়
"
বিশেষ্য,"ও
"
বিশেষ্য,"
"
বিশেষ্য,"ের
"
বিশেষণ,"দা
"
বিশেষ্য,"শত
"
বিশেষ্য,"নেই
"
বিশেষ্য,"ভান্ডারকে
"
বিশেষণ,"ি
"
বিশেষণ,"ভাবেও
"
বিশেষ্য,"গ্লাইডিং
"
বিশেষণ,"তাও
"
বিশেষণ,"টায়
"
বিশেষ্য,"েটে
"
বিশেষণ,"ন্থ
"
বিশেষ্য,"
"
বিশেষ্য,"টি
"
বিশেষ্য,"
"
বিশেষ্য,"ীদের
"
বিশেষ্য,"নেরই
"
বিশেষ্য,"ক
"
বিশেষ্য,"ই
"
বিশেষণ,"িত
"
বিশেষণ,"
"
বিশেষ্য,"র
"
বিশেষ্য,"েও
"
বিশেষণ,"
"
বিশেষ্য,"
"
বিশেষ্য,"ের
"
বিশেষ্য,"ে
"
বিশেষ্য,"
"
বিশেষণ,"
"
বিশেষ্য,"ী
"
বিশেষ্য,"কওয়ারি
"
বিশেষ্য,"ের
"
বিশেষ্য,"টি
"
বিশেষ্য,"কা
"
বিশেষ্য,"
"
বিশেষ্য,"ের
"
বিশেষ্য,"
"
বিশেষণ,"
"
বিশেষ্য,"
"
বিশেষ্য,"য়নের
"
বিশেষ্য,"ের
"
বিশেষ্য,"স্থানের
"
বিশেষ্য,"ণ
"
বিশেষণ,"ভাবে
"
বিশেষ্য,"ুয়ার
"
বিশেষ্য,"
"
বিশেষ্য,"
"
বিশেষণ,"ল্যান্সিংয়ের
"
বিশেষ্য,"ায়
"
বিশেষ্য,"ভার
"
বিশেষ্য,"ীন
"
বিশেষণ,"
"
বিশেষ্য,"ক
"
বিশেষ্য,"ের
"
বিশেষ্য,"
"
বিশেষ্য,"কে
"
সর্বনাম,"র
"
বিশেষ্য,"
"
বিশেষ্য,"দের
"
বিশেষ্য,"
"
বিশেষ্য,"দাতা
"
বিশেষণ,"তাও
"
বিশেষ্য,"িজানের
"
বিশেষ্য,"পাড়
"
বিশেষ্য,"াগুলো
"
ক্রিয়া,"
"
বিশেষ্য,"ের
"
বিশেষ্য,"গির
"
বিশেষ্য,"
"
বিশেষ্য,"তলে
"
বিশেষ্য,"
"
বিশেষ্য,"
"
বিশেষ্য,"ও
"
বিশেষ্য,"
"
বিশেষণ,"ভিমান
"
বিশেষ্য,"
"
বিশেষণ,"
"
বিশেষ্য,"
"
বিশেষ্য,"য়ে
"
বিশেষ্য,"
"
বিশেষ্য,"লেকে
"
বিশেষণ,"তায়
"
বিশেষ্য,"গতির
"
বিশেষ্য,"ত্তু
"
বিশেষ্য,"তে
"
বিশেষ্য,"কলের
"
বিশেষ্য,"কুল
"
বিশেষ্য,"গুলো
"
ক্রিয়া,"ম
"
বিশেষ্য,"
"
বিশেষ্য,"ই
"
বিশেষ্য,"বাগে
"
বিশেষ্য,"র
"
বিশেষ্য,"েই
"
বিশেষ্য,"নেরই
"
বিশেষ্য,"ে
"
বিশেষণ,"নাশা
"
বিশেষ্য,"
"
ক্রিয়া,"
"
বিশেষ্য,"
"
বিশেষ্য,"ের
"
বিশেষ্য,"হে
"
বিশেষ্য,"সিক
"
বিশেষ্য,"দের
"
বিশেষণ,"েই
"
বিশেষ্য,"ে
"
বিশেষ্য,"োবস্তটা
"
বিশেষ্য,"
"
বিশেষ্য,"ীয়
"
বিশেষ্য,"ন
"
বিশেষ্য,"গুলোর
"
বিশেষণ,"ের
"
বিশেষণ,"ভাবে
"
বিশেষ্য,"রও
"
বিশেষ্য,"সাজের
"
বিশেষণ,"
"
বিশেষ্য,"
"
বিশেষ্য,"ীরা
"
বিশেষ্য,"কে
"
বিশেষ্য,"ফলটি
"
বিশেষ্য,"র
"
বিশেষণ,"সার
"
বিশেষণ,"
"
বিশেষণ,"ারাও
"
বিশেষ্য,"ট
"
বিশেষ্য,"কদের
"
বিশেষ্য,"কর
"
বিশেষ্য,"োত্তর
"
বিশেষ্য,"কেও
"
বিশেষ্য,"
"
বিশেষ্য,"রও
"
বিশেষ্য,"
"
বিশেষ্য,"ের
"
বিশেষ্য,"
"
বিশেষ্য,"ের
"
বিশেষ্য,"স্যুটের
"
বিশেষণ,"বাদটুকু
"
বিশেষণ,"
"
বিশেষ্য,"েরা
"
বিশেষ্য,"
"
বিশেষ্য,"
"
বিশেষ্য,"
"
বিশেষ্য,"ের
"
বিশেষ্য,"ববিতা
"
বিশেষ্য,"োষ
"
বিশেষ্য,"্টিমিলিয়া
"
বিশেষ্য,"ই
"
বিশেষ্য,"রটাও
"
বিশেষ্য,"িত
"
ক্রিয়া,"ম
"
বিশেষ্য,"য়
"
বিশেষ্য,"টি
"
বিশেষ্য,"্রগুলোতে
"
বিশেষণ,"র
"
বিশেষ্য,"
"
বিশেষ্য,"
"
বিশেষ্য,"ে
"
বিশেষ্য,"ে
"
বিশেষণ,"
"
বিশেষ্য,"্মণ
"
বিশেষ্য,"রী
"
বিশেষ্য,"ের
"
ক্রিয়া,"
"
বিশেষ্য,"
"
বিশেষ্য,"
"
বিশেষ্য,"ত্ববাদের
"
বিশেষ্য,"
"
বিশেষ্য,"ও
"
বিশেষণ,"
"
বিশেষ্য,"্বে
"
বিশেষ্য,"জাতে
"
বিশেষণ,"
"
বিশেষ্য,"নো
"
ক্রিয়া,"স
"
বিশেষ্য,"
"
বিশেষ্য,"
"
বিশেষ্য,"রসন
"
বিশেষ্য,"মূলক
"
বিশেষণ,"ে
"
বিশেষ্য,"
"
বিশেষ্য,"েই
"
বিশেষণ,"কে
"
বিশেষণ,"গিরির
"
বিশেষণ,"িধর
"
বিশেষ্য,"কে
"
বিশেষ্য,"
"
বিশেষ্য,"তেই
"
ক্রিয়া,"রভেদে
"
ক্রিয়া,"রে
"
বিশেষণ,"ে
"
বিশেষ্য,"
"
বিশেষণ,"ণে
"
বিশেষ্য,"
"
বিশেষ্য,"নাশের
"
অব্যয়,"
"
বিশেষ্য,"কে
"
বিশেষ্য,"হীন
"
বিশেষ্য,"গটিকে
"
বিশেষণ,"েল
"
বিশেষ্য,"ঃস্থলে
"
বিশেষ্য,"
"
বিশেষ্য,"ে
"
বিশেষ্য,"ে
"
বিশেষ্য,"্যের
"
বিশেষ্য,"ণও
"
বিশেষ্য,"খালীতে
"
বিশেষ্য,"ের
"
বিশেষ্য,"কর্তাও
"
বিশেষ্য,"নের
"
বিশেষ্য,"কে
"
বিশেষ্য,"া
"
বিশেষ্য,"ে
"
বিশেষ্য,"ে
"
বিশেষ্য,"জ
"
বিশেষ্য,"ভবনে
"
বিশেষ্য,"ইজেশনের
"
বিশেষ্য,"কে
"
বিশেষণ,"
"
বিশেষ্য,"ের
"
বিশেষণ,"
"
বিশেষণ,"
"
বিশেষ্য,"ইনড
"
বিশেষণ,"
"
বিশেষ্য,"
"
বিশেষ্য,"ি
"
বিশেষ্য,"ল
"
বিশেষ্য,"ারিরা
"
বিশেষ্য,"লিয়াই
"
বিশেষণ,"িদের
"
বিশেষণ,"ও
"
বিশেষ্য,"তে
"
বিশেষ্য,"বঞ্চিত
"
বিশেষণ,"
"
বিশেষ্য,"
"
বিশেষ্য,"য়
"
বিশেষণ,"্যগুলো
"
বিশেষ্য,"
"
বিশেষ্য,"বাড়ীতে
"
বিশেষ্য,"
"
বিশেষ্য,"আমরা
"
বিশেষ্য,"পুর
"
বিশেষণ,"
"
বিশেষ্য,"ির
"
বিশেষ্য,"এম
"
বিশেষ্য,"
"
বিশেষ্য,"র
"
বিশেষ্য,"রফ্লক্স
"
বিশেষ্য,"র
"
বিশেষণ,"েই
"
বিশেষ্য,"াড়া
"
বিশেষ্য,"টি
"
বিশেষ্য,"ের
"
বিশেষ্য,"ে
"
বিশেষ্য,"াস
"
বিশেষ্য,"াচার্য
"
বিশেষ্য,"
"
বিশেষ্য,"াই
"
বিশেষ্য,"ই
"
বিশেষণ,"ও
"
বিশেষণ,"াংশ
"
বিশেষ্য,"
"
বিশেষ্য,"
"
বিশেষ্য,"কৃত
"
বিশেষ্য,"তো
"
বিশেষণ,"ি
"
ক্রিয়া,"র
"
বিশেষ্য,"
"
বিশেষণ,"তে
"
বিশেষ্য,"সু
"
বিশেষ্য,"ীমাহতিম
"
বিশেষ্য,"কে
"
বিশেষ্য,"
"
বিশেষ্য,"
"
বিশেষ্য,"ের
"
বিশেষ্য,"
"
বিশেষ্য,"ভোটে
"
বিশেষণ,"
"
বিশেষণ,"
"
বিশেষ্য,"ও
"
বিশেষণ,"ী
"
বিশেষণ,"ভাবে
"
বিশেষ্য,"হীন
"
বিশেষ্য,"ক
"
বিশেষ্য,"ী
"
বিশেষ্য,"ন
"
বিশেষ্য,"
"
বিশেষণ,"
"
বিশেষ্য,"নরা
"
বিশেষ্য,"তে
"
বিশেষ্য,"ডাঙ্গার
"
বিশেষণ,"
"
বিশেষ্য,"বিশ
"
বিশেষণ,"নো
"
বিশেষ্য,"া
"
বিশেষ্য,"াতীতভাবে
"
বিশেষ্য,"
"
বিশেষ্য,"র
"
বিশেষ্য,"পতির
"
বিশেষ্য,"ের
"
বিশেষণ,"ামি
"
বিশেষ্য,"যা
"
বিশেষ্য,"্য
"
বিশেষ্য,"বিরূপতা
"
বিশেষ্য,"া
"
অব্যয়,"
"
বিশেষ্য,"নভাবে
"
বিশেষণ,"দের
"
বিশেষ্য,"মপুরে
"
বিশেষ্য,"তাহীনভাবে
"
বিশেষণ,"ভাবে
"
বিশেষ্য,"িতেই
"
বিশেষ্য,"
"
বিশেষ্য,"
"
বিশেষ্য,"কে
"
বিশেষ্য,"টিই
"
বিশেষ্য,"র
"
বিশেষণ,"ই
"
বিশেষ্য,"
"
বিশেষ্য,"ই
"
বিশেষ্য,"টি
"
বিশেষ্য,"দূত
"
বিশেষ্য,"কে
"
বিশেষ্য,"
"
বিশেষ্য,"কে
"
বিশেষ্য,"স
"
বিশেষ্য,"নিও
"
বিশেষ্য,"্যাসহ
"
বিশেষ্য,"্যহীন
"
বিশেষ্য,"রের
"
বিশেষ্য,"দেশ
"
বিশেষ্য,"জ
"
বিশেষ্য,"ক
"
বিশেষ্য,"ায়তন
"
বিশেষ্য,"ে
"
ক্রিয়া,"লী
"
বিশেষ্য,"েক
"
বিশেষ্য,"ণাভোগ
"
বিশেষ্য,"কের
"
বিশেষণ,"াংশেই
"
বিশেষ্য,"ের
"
বিশেষ্য,"দেয়ালের
"
বিশেষ্য,"ীদের
"
ক্রিয়া,"
"
বিশেষ্য,"
"
বিশেষ্য,"গুলোতে
"
বিশেষ্য,"ঘরে
"
বিশেষ্য,"ও
"
বিশেষ্য,"
"
বিশেষণ,"
"
বিশেষ্য,"ঝরা
"
বিশেষ্য,"
"
বিশেষ্য,"চারে
"
বিশেষ্য,"ন
"
বিশেষ্য,"ের
"
ক্রিয়া,"রে
"
বিশেষ্য,"
"
বিশেষ্য,"
"
বিশেষ্য,"বরণের
"
বিশেষ্য,"
"
ক্রিয়া,"ন
"
বিশেষ্য,"ল
"
বিশেষ্য,"
"
বিশেষ্য,"
"
বিশেষ্য,"ের
"
বিশেষ্য,"ের
"
বিশেষ্য,"
"
বিশেষ্য,"
"
বিশেষ্য,"াদেশও
"
বিশেষ্য,"ে
"
বিশেষ্য,"
"
বিশেষ্য,"ও
"
বিশেষ্য,"তে
"
বিশেষ্য,"ণ
"
বিশেষ্য,"লাপ
"
বিশেষণ,"িটি
"
বিশেষ্য,"ের
"
বিশেষ্য,"টা
"
বিশেষণ,"পুর
"
বিশেষণ,"েরা
"
ক্রিয়া,"ব
"
বিশেষ্য,"
"
বিশেষ্য,"হীনতার
"
ক্রিয়া,"ল্ডের
"
বিশেষ্য,"স
"
বিশেষ্য,"এসে
"
বিশেষ্য,"
"
বিশেষণ,"ভাবে
"
বিশেষ্য,"ও
"
বিশেষ্য,"য়
"
বিশেষণ,"েসও
"
বিশেষ্য,"কে
"
বিশেষণ,"
"
বিশেষ্য,"ীদের
"
বিশেষ্য,"ক
"
বিশেষণ,"ভাবে
"
বিশেষণ,"
"
বিশেষ্য,"ৎসবে
"
বিশেষ্য,"
"
বিশেষ্য,"
"
বিশেষ্য,"র
"
বিশেষ্য,"ে
"
বিশেষ্য,"দারের
"
বিশেষণ,"
"
বিশেষণ,"িবিদ
"
বিশেষ্য,"ের
"
বিশেষ্য,"
"
বিশেষ্য,"ের
"
বিশেষ্য,"য়
"
বিশেষ্য,"
"
বিশেষ্য,"
"
বিশেষ্য,"রা
"
বিশেষণ,"
"
বিশেষ্য,"
"
বিশেষ্য,"াঞ্চলের
"
বিশেষ্য,"াটী
"
বিশেষ্য,"ে
"
বিশেষণ,"ার্ত
"
বিশেষণ,"
"
বিশেষ্য,"কেই
"
বিশেষ্য,"রে
"
বিশেষণ,"সহ
"
বিশেষ্য,"ে
"
বিশেষণ,"
"
ক্রিয়া,"র
"
বিশেষ্য,"ে
"
ক্রিয়া,"নো
"
বিশেষ্য,"
"
বিশেষ্য,"
"
বিশেষ্য,"য়
"
বিশেষ্য,"ত্বটা
"
বিশেষ্য,"র
"
বিশেষ্য,"রিং
"
বিশেষ্য,"গুলোতে
"
বিশেষ্য,"ও
"
বিশেষ্য,"েই
"
বিশেষ্য,"
"
বিশেষ্য,"ে
"
বিশেষ্য,"কাজের
"
বিশেষ্য,"কে
"
বিশেষ্য,"িকের
"
বিশেষ্য,"ের
"
বিশেষ্য,"
"
বিশেষ্য,"
"
বিশেষণ,"েরা
"
বিশেষণ,"নো
"
বিশেষ্য,"রসহ
"
বিশেষ্য,"ইয়ের
"
বিশেষ্য,"্যপ্রণোদিত
"
বিশেষ্য,"ির
"
বিশেষ্য,"ী
"
বিশেষ্য,"িলিওর
"
বিশেষ্য,"ের
"
বিশেষ্য,"ে
"
বিশেষ্য,"
"
বিশেষ্য,"ের
"
বিশেষ্য,"র
"
বিশেষ্য,"েই
"
ক্রিয়া,"রএমন
"
বিশেষণ,"গান
"
বিশেষ্য,"ই
"
বিশেষ্য,"
"
বিশেষ্য,"র
"
ক্রিয়া,"র
"
বিশেষ্য,"
"
বিশেষ্য,"
"
বিশেষণ,"
"
বিশেষণ,"দের
"
বিশেষণ,"
"
বিশেষ্য,"াশনের
"
বিশেষ্য,"ে
"
বিশেষ্য,"
"
বিশেষ্য,"িক
"
বিশেষ্য,"ন
"
বিশেষ্য,"হীন
"
বিশেষ্য,"কে
"
বিশেষ্য,"ের
"
বিশেষ্য,"কার
"
বিশেষ্য,"
"
বিশেষণ,"
"
বিশেষণ,"ীয়
"
বিশেষণ,"দের
"
বিশেষ্য,"ন্বিত
"
বিশেষ্য,"
"
বিশেষণ,"ক
"
বিশেষণ,"
"
বিশেষণ,"তা
"
বিশেষ্য,"ের
"
বিশেষ্য,"
"
বিশেষ্য,"ীর
"
বিশেষ্য,"ের
"
বিশেষণ,"াজনক
"
বিশেষ্য,"কারাতের
"
বিশেষ্য,"ী
"
বিশেষ্য,"
"
বিশেষণ,"য়
"
বিশেষ্য,"
"
বিশেষ্য,"
"
বিশেষ্য,"কে
"
বিশেষ্য,"র্থে
"
বিশেষ্য,"কদের
"
বিশেষ্য,"ের
"
বিশেষ্য,"
"
বিশেষণ,"ের
"
বিশেষ্য,"গুলোকে
"
বিশেষ্য,"ি
"
বিশেষ্য,"কে
"
ক্রিয়া,"র
"
বিশেষ্য,"ী
"
বিশেষণ,"ে
"
বিশেষ্য,"
"
বিশেষ্য,"্যে
"
বিশেষ্য,"
"
বিশেষণ,"টা
"
বিশেষ্য,"াকে
"
বিশেষ্য,"র
"
বিশেষ্য,"কার্স
"
বিশেষ্য,"ের
"
বিশেষ্য,"কেই
"
বিশেষ্য,"িয়ে
"
বিশেষ্য,"ত
"
বিশেষ্য,"রের
"
বিশেষ্য,"ের
"
বিশেষণ,"
"
বিশেষ্য,"ডা
"
বিশেষ্য,"ধমকির
"
বিশেষ্য,"নগর
"
বিশেষণ,"
"
বিশেষ্য,"র
"
বিশেষ্য,"তে
"
বিশেষ্য,"িতায়
"
বিশেষ্য,"টির
"
বিশেষণ,"দের
"
বিশেষ্য,"
"
বিশেষ্য,"
"
বিশেষ্য,"গড়
"
বিশেষ্য,"য়ার
"
বিশেষ্য,"
"
বিশেষ্য,"
"
বিশেষ্য,"ের
"
বিশেষ্য,"বাহিনীহীন
"
বিশেষণ,"
"
বিশেষ্য,"কা
"
বিশেষ্য,"
"
বিশেষ্য,"ীয়তা
"
বিশেষ্য,"র
"
বিশেষ্য,"গুলোর
"
ক্রিয়া,"ও
"
বিশেষণ,"তম
"
বিশেষণ,"
"
বিশেষ্য,"ও
"
বিশেষ্য,"র
"
বিশেষ্য,"র
"
বিশেষণ,"বারেই
"
বিশেষ্য,"ে
"
বিশেষ্য,"েন্টকে
"
ক্রিয়া,"
"
বিশেষণ,"
"
বিশেষ্য,"
"
বিশেষ্য,"ক্ষকে
"
বিশেষ্য,"
"
বিশেষণ,"
"
বিশেষ্য,"ায়িত
"
বিশেষ্য,"কে
"
বিশেষণ,"টাও
"
বিশেষ্য,"্রোএইচ
"
বিশেষ্য,"েটপ্লেসে
"
বিশেষণ,"ো
"
বিশেষ্য,"কই
"
বিশেষ্য,"সহ
"
বিশেষ্য,"ন
"
বিশেষ্য,"য়
"
বিশেষ্য,"
"
বিশেষ্য,"য়
"
বিশেষণ,"িকে
"
বিশেষণ,"
"
বিশেষ্য,"টি
"
বিশেষ্য,"আগে
"
বিশেষ্য,"াজম
"
বিশেষণ,"য়াম
"
বিশেষ্য,"ডোর
"
বিশেষ্য,"যোগ্য
"
বিশেষ্য,"য়নি
"
বিশেষ্য,"
"
বিশেষ্য,"ে
"
বিশেষ্য,"
"
বিশেষ্য,"
"
বিশেষ্য,"
"
বিশেষ্য,"তার
"
বিশেষ্য,"িকেরাও
"
বিশেষ্য,"নো
"
বিশেষ্য,"
"
বিশেষ্য,"দ
"
বিশেষ্য,"ণী
"
বিশেষণ,"
"
বিশেষণ,"ে
"
ক্রিয়া,"কে
"
বিশেষ্য,"য়ানার
"
বিশেষণ,"তাপ্রত্যাশী
"
বিশেষ্য,"টা
"
বিশেষণ,"
"
বিশেষ্য,"কে
"
বিশেষণ,"
"
বিশেষণ,"
"
বিশেষণ,"কাকি
"
বিশেষণ,"
"
বিশেষণ,"তর
"
বিশেষ্য,"টিতে
"
বিশেষ্য,"
"
বিশেষ্য,"দের
"
বিশেষ্য,"ণনেছা
"
বিশেষ্য,"দেশে
"
বিশেষ্য,"া
"
বিশেষ্য,"িতে
"
বিশেষ্য,"
"
বিশেষ্য,"রের
"
বিশেষ্য,"পুতি
"
বিশেষ্য,"ফি
"
বিশেষ্য,"সহ
"
বিশেষ্য,"ল
"
বিশেষ্য,"
"
বিশেষ্য,"জনক
"
বিশেষ্য,"ক
"
বিশেষণ,"তা
"
বিশেষ্য,"ক
"
বিশেষ্য,"িপতিদের
"
বিশেষ্য,"দের
"
বিশেষ্য,"
"
বিশেষ্য,"ের
"
বিশেষ্য,"ও
"
বিশেষণ,"জ্ঞদের
"
বিশেষ্য,"গুলো
"
বিশেষ্য,"
"
বিশেষ্য,"িরা
"
বিশেষ্য,"ুকধারীরা
"
বিশেষ্য,"সহ
"
বিশেষণ,"ে
"
বিশেষ্য,"সহ
"
বিশেষণ,"াংশই
"
ক্রিয়া,"নোয়
"
বিশেষণ,"
"
বিশেষ্য,"সের
"
বিশেষ্য,"আরিচা
"
ক্রিয়া,"রমুখী
"
ক্রিয়া,"রেই
"
ক্রিয়া,"
"
বিশেষ্য,"
"
বিশেষ্য,"কলা
"
বিশেষণ,"
"
বিশেষ্য,"িকারা
"
বিশেষ্য,"কে
"
বিশেষণ,"
"
বিশেষণ,"টে
"
বিশেষ্য,"ণাস্ত্রগুলোও
"
বিশেষ্য,"নবোধও
"
বিশেষ্য,"
"
বিশেষণ,"
"
বিশেষণ,"তা
"
ক্রিয়া,"সহ
"
বিশেষ্য,"
"
বিশেষ্য,"
"
বিশেষ্য,"েও
"
বিশেষ্য,"
"
বিশেষ্য,"ে
"
বিশেষ্য,"
"
বিশেষ্য,"ীয়তা
"
বিশেষ্য,"ের
"
বিশেষণ,"য়ান
"
বিশেষ্য,"্গকে
"
বিশেষ্য,"াধিকারসহ
"
বিশেষণ,"িমান
"
অব্যয়,"িয়ে
"
বিশেষণ,"েশনসের
"
বিশেষ্য,"নিয়া
"
বিশেষ্য,"
"
বিশেষ্য,"
"
বিশেষ্য,"াড়ুর
"
বিশেষণ,"ে
"
বিশেষণ,"
"
বিশেষ্য,"
"
বিশেষ্য,"য়
"
বিশেষ্য,"েই
"
ক্রিয়া,"টা
"
বিশেষ্য,"লের
"
বিশেষ্য,"ের
"
বিশেষণ,"রা
"
বিশেষ্য,"্ডউইন
"
বিশেষ্য,"দের
"
বিশেষ্য,"ের
"
অব্যয়,"
"
বিশেষণ,"
"
বিশেষণ,"ির
"
বিশেষ্য,"ের
"
বিশেষ্য,"ের
"
সর্বনাম,"
"
বিশেষ্য,"িক
"
বিশেষ্য,"
"
বিশেষণ,"
"
বিশেষ্য,"ভাবে
"
বিশেষ্য,"
"
বিশেষ্য,"য়েছি
"
বিশেষ্য,"তা
"
বিশেষণ,"ীনতার
"
বিশেষ্য,"ে
"
বিশেষ্য,"ডনে
"
বিশেষ্য,"
"
বিশেষ্য,"
"
বিশেষ্য,"গামী
"
বিশেষণ,"
"
বিশেষ্য,"ে
"
বিশেষণ,"তা
"
বিশেষ্য,"িতায়
"
বিশেষ্য,"
"
বিশেষ্য,"কে
"
বিশেষ্য,"গত
"
বিশেষ্য,"
"
বিশেষ্য,"টির
"
বিশেষ্য,"ও
"
বিশেষ্য,"
"
বিশেষ্য,"য়োজনে
"
ক্রিয়া,"নসহ
"
বিশেষ্য,"
"
বিশেষ্য,"লেখিও
"
বিশেষ্য,"ট
"
বিশেষ্য,"জুড়ে
"
বিশেষণ,"কের
"
বিশেষ্য,"লিয়া
"
বিশেষ্য,"
"
ক্রিয়া,"য়
"
বিশেষ্য,"
"
বিশেষ্য,"রূপে
"
বিশেষ্য,"গুলো
"
বিশেষ্য,"্ডেড
"
বিশেষ্য,"ে
"
বিশেষ্য,"কে
"
বিশেষণ,"
"
বিশেষ্য,"েরও
"
বিশেষণ,"দের
"
বিশেষ্য,"টা
"
বিশেষ্য,"
"
বিশেষণ,"ষদেরই
"
বিশেষ্য,"র
"
বিশেষণ,"
"
বিশেষ্য,"ওয়েবসাইটের
"
বিশেষ্য,"কম্পটির
"
ক্রিয়া,"তে
"
বিশেষ্য,"
"
বিশেষ্য,"ে
"
বিশেষ্য,"ায়
"
বিশেষ্য,"র
"
বিশেষ্য,"
"
বিশেষ্য,"
"
বিশেষণ,"দাসদের
"
বিশেষ্য,"গুলো
"
বিশেষণ,"কোত্তর
"
বিশেষণ,"
"
বিশেষ্য,"
"
বিশেষ্য,"ার
"
বিশেষ্য,"ের
"
বিশেষ্য,"
"
বিশেষ্য,"
"
বিশেষ্য,"র
"
বিশেষ্য,"
"
বিশেষ্য,"োদয়ে
"
বিশেষ্য,"
"
বিশেষ্য,"
"
বিশেষ্য,"ির
"
বিশেষ্য,"
"
বিশেষণ,"
"
বিশেষ্য,"হীনতাকেই
"
বিশেষ্য,"ির
"
বিশেষ্য,"কে
"
ক্রিয়া,"রদর
"
বিশেষ্য,"কর্তা
"
বিশেষ্য,"সে
"
বিশেষ্য,"িস্ট
"
বিশেষ্য,"ক
"
বিশেষণ,"র
"
বিশেষ্য,"ী
"
বিশেষ্য,"রা
"
বিশেষ্য,"ইয়ে
"
বিশেষণ,"্দ্দশ
"
বিশেষ্য,"কে
"
বিশেষ্য,"ধীন
"
বিশেষণ,"োন্নত
"
বিশেষণ,"
"
বিশেষ্য,"র
"
বিশেষ্য,"ও
"
বিশেষ্য,"ে
"
বিশেষ্য,"ে
"
বিশেষ্য,"াড়া
"
বিশেষ্য,"তা
"
বিশেষণ,"ভাবে
"
বিশেষ্য,"
"
বিশেষ্য,"ীরা
"
বিশেষণ,"
"
বিশেষ্য,"র
"
বিশেষ্য,"ক
"
বিশেষ্য,"
"
বিশেষ্য,"গুলোর
"
বিশেষ্য,"েও
"
বিশেষ্য,"নকে
"
বিশেষ্য,"ের
"
বিশেষ্য,"না
"
বিশেষ্য,"ের
"
বিশেষ্য,"
"
বিশেষ্য,"
"
বিশেষণ,"ম
"
বিশেষণ,"ভাবে
"
বিশেষ্য,"র
"
বিশেষ্য,"রী
"
বিশেষ্য,"র
"
বিশেষণ,"তা
"
বিশেষণ,"ার
"
বিশেষ্য,"ের
"
বিশেষণ,"র
"
বিশেষ্য,"ে
"
বিশেষণ,"েরাই
"
বিশেষ্য,"র
"
অব্যয়,"
"
বিশেষণ,"াবান
"
বিশেষ্য,"
"
বিশেষ্য,"
"
বিশেষণ,"জ্জেল
"
বিশেষ্য,"
"
বিশেষ্য,"র
"
বিশেষণ,"দীয়
"
বিশেষণ,"ষও
"
ক্রিয়া,"
"
বিশেষ্য,"সেবী
"
বিশেষ্য,"্যান্স
"
বিশেষ্য,"তেও
"
বিশেষ্য,"র
"
বিশেষ্য,"াহ্নে
"
বিশেষ্য,"চ্ছিলেন
"
বিশেষণ,"তায়
"
বিশেষ্য,"াতে
"
বিশেষ্য,"কালে
"
বিশেষ্য,"ের
"
বিশেষণ,"ানির
"
বিশেষ্য,"
"
বিশেষ্য,"রও
"
বিশেষণ,"ণা
"
বিশেষণ,"র্তা
"
বিশেষণ,"ান্ত্র
"
বিশেষণ,"
"
বিশেষ্য,"ে
"
বিশেষ্য,"ে
"
বিশেষ্য,"র
"
বিশেষ্য,"সহ
"
বিশেষণ,"িতে
"
বিশেষ্য,"
"
বিশেষণ,"ূলকভাবে
"
বিশেষ্য,"
"
বিশেষ্য,"
"
বিশেষ্য,"
"
বিশেষণ,"া
"
বিশেষ্য,"ীতার
"
বিশেষণ,"্য
"
বিশেষণ,"ে
"
বিশেষ্য,"সহ
"
ক্রিয়া,"য়ণীর
"
বিশেষণ,"তেই
"
ক্রিয়া,"টা
"
অব্যয়,"
"
বিশেষ্য,"
"
বিশেষ্য,"ে
"
বিশেষ্য,"টি
"
বিশেষ্য,"গুলোও
"
বিশেষণ,"
"
বিশেষ্য,"ও
"
বিশেষ্য,"টি
"
ক্রিয়া,"
"
বিশেষণ,"
"
বিশেষ্য,"ন
"
বিশেষ্য,"ত
"
বিশেষ্য,"ও
"
বিশেষ্য,"টিকেই
"
বিশেষ্য,"কারদের
"
বিশেষণ,"
"
বিশেষণ,"া
"
বিশেষ্য,"ণালয়
"
বিশেষ্য,"ক
"
বিশেষ্য,"
"
বিশেষণ,"ই
"
বিশেষ্য,"ী
"
বিশেষ্য,"
"
বিশেষ্য,"কেই
"
বিশেষ্য,"
"
ক্রিয়া,"রী
"
বিশেষ্য,"
"
বিশেষ্য,"
"
বিশেষ্য,"বাঘের
"
বিশেষণ,"
"
বিশেষণ,"
"
বিশেষ্য,"ায়
"
বিশেষ্য,"য়
"
সর্বনাম,"য়ত
"
বিশেষ্য,"ণে
"
বিশেষ্য,"
"
বিশেষ্য,"িত
"
বিশেষ্য,"লয়
"
বিশেষ্য,"
"
বিশেষ্য,"
"
বিশেষ্য,"ে
"
বিশেষ্য,"ক
"
বিশেষণ,"
"
বিশেষ্য,"টা
"
বিশেষ্য,"
"
বিশেষ্য,"র
"
বিশেষ্য,"
"
বিশেষ্য,"ে
"
বিশেষ্য,"িক
"
বিশেষণ,"
"
বিশেষণ,"
"
বিশেষ্য,"গবেষকেরাই
"
বিশেষ্য,"ের
"
বিশেষণ,"
"
বিশেষ্য,"েরই
"
বিশেষ্য,"হীন
"
বিশেষ্য,"
"
বিশেষ্য,"ার
"
বিশেষ্য,"তে
"
বিশেষ্য,"র
"
বিশেষ্য,"য়
"
বিশেষণ,"িক
"
বিশেষণ,"
"
বিশেষণ,"া
"
বিশেষ্য,"ময়
"
ক্রিয়া,"
"
বিশেষ্য,"িতা
"
বিশেষ্য,"া
"
বিশেষ্য,"কে
"
বিশেষ্য,"র
"
বিশেষ্য,"ের
"
বিশেষণ,"
"
ক্রিয়া,"য়
"
বিশেষ্য,"র
"
বিশেষ্য,"ুতা
"
বিশেষ্য,"েই
"
বিশেষণ,"দূর
"
ক্রিয়া,"ত
"
ক্রিয়া,"নোর
"
বিশেষণ,"িগতভাবে
"
বিশেষ্য,"
"
বিশেষ্য,"গুলোও
"
বিশেষ্য,"ীয়দের
"
বিশেষণ,"
"
বিশেষণ,"রা
"
বিশেষ্য,"রই
"
বিশেষ্য,"েরএমপি
"
বিশেষ্য,"পাড়ার
"
বিশেষ্য,"িমূলক
"
বিশেষ্য,"
"
বিশেষ্য,"
"
বিশেষ্য,"াৎ
"
বিশেষ্য,"ও
"
বিশেষ্য,"ে
"
বিশেষ্য,"ল্ট
"
বিশেষ্য,"ের
"
বিশেষ্য,"ও
"
বিশেষ্য,"েন
"
বিশেষ্য,"ের
"
বিশেষ্য,"
"
বিশেষ্য,"হীন
"
বিশেষ্য,"চয়নের
"
বিশেষ্য,"পতি
"
বিশেষ্য,"ন
"
বিশেষণ,"তার
"
বিশেষণ,"
"
বিশেষ্য,"ণের
"
অব্যয়,"য়
"
বিশেষ্য,"সহ
"
বিশেষ্য,"
"
বিশেষ্য,"
"
বিশেষণ,"য়াড়
"
বিশেষ্য,"সহ
"
বিশেষ্য,"ণের
"
বিশেষণ,"জন
"
ক্রিয়া,"রকণার
"
বিশেষ্য,"ই
"
বিশেষ্য,"টা
"
বিশেষ্য,"ী
"
বিশেষ্য,"রটি
"
বিশেষ্য,"র
"
বিশেষ্য,"
"
বিশেষ্য,"ে
"
বিশেষ্য,"জনকে
"
বিশেষণ,"
"
বিশেষ্য,"র
"
বিশেষ্য,"্সের
"
বিশেষ্য,"ও
"
বিশেষ্য,"ণটা
"
বিশেষ্য,"ল
"
বিশেষণ,"িজীবী
"
বিশেষ্য,"টা
"
বিশেষ্য,"
"
বিশেষ্য,"ক
"
বিশেষ্য,"ের
"
বিশেষ্য,"ের
"
বিশেষ্য,"িত
"
বিশেষ্য,"তে
"
বিশেষণ,"ে
"
বিশেষ্য,"
"
বিশেষ্য,"িক
"
বিশেষ্য,"
"
ক্রিয়া,"
"
বিশেষ্য,"
"
বিশেষ্য,"ে
"
বিশেষ্য,"ীদের
"
বিশেষ্য,"ে
"
ক্রিয়া,"ল
"
বিশেষ্য,"গুলোতে
"
বিশেষ্য,"িকে
"
বিশেষ্য,"িজম
"
বিশেষ্য,"লীপাড়া
"
বিশেষ্য,"পাড়া
"
বিশেষণ,"ীয়
"
বিশেষ্য,"য়াত
"
বিশেষ্য,"র
"
বিশেষ্য,"ের
"
বিশেষ্য,"ক্সপোতে
"
বিশেষণ,"া
"
বিশেষ্য,"
"
বিশেষ্য,"ইজিং
"
বিশেষ্য,"কে
"
বিশেষ্য,"এসবই
"
বিশেষণ,"
"
বিশেষ্য,"টিতে
"
বিশেষ্য,"র
"
বিশেষ্য,"হীনতাসহ
"
বিশেষণ,"
"
বিশেষণ,"পুরে
"
বিশেষ্য,"েই
"
বিশেষ্য,"িকের
"
বিশেষণ,"
"
বিশেষণ,"দের
"
বিশেষণ,"রা
"
বিশেষণ,"দের
"
বিশেষ্য,"ে
"
বিশেষণ,"স
"
ক্রিয়া,"রটি
"
বিশেষ্য,"াল
"
বিশেষণ,"
"
বিশেষণ,"ে
"
বিশেষণ,"কে
"
বিশেষণ,"িও
"
বিশেষ্য,"ও
"
বিশেষ্য,"বহ
"
বিশেষণ,"
"
বিশেষ্য,"দেশেরও
"
বিশেষ্য,"
"
বিশেষ্য,"ের
"
বিশেষ্য,"র
"
বিশেষ্য,"
"
বিশেষণ,"
"
বিশেষ্য,"ে
"
অব্যয়,"
"
বিশেষ্য,"
"
বিশেষণ,"
"
বিশেষ্য,"য়
"
বিশেষণ,"
"
বিশেষণ,"
"
বিশেষ্য,"ি
"
বিশেষ্য,"ার
"
বিশেষ্য,"
"
বিশেষণ,"
"
বিশেষ্য,"র
"
বিশেষ্য,"
"
বিশেষ্য,"
"
বিশেষ্য,"ী
"
বিশেষ্য,"নাথ
"
বিশেষ্য,"জগতের
"
বিশেষণ,"তার
"
বিশেষ্য,"সহ
"
বিশেষ্য,"প্রার্থী
"
বিশেষ্য,"েও
"
বিশেষ্য,"
"
বিশেষ্য,"
"
বিশেষ্য,"গুলোই
"
বিশেষ্য,"কাল
"
বিশেষ্য,"
"
বিশেষ্য,"
"
বিশেষ্য,"ব্যবস্থা
"
বিশেষ্য,"ীর
"
বিশেষণ,"িবিদ
"
বিশেষ্য,"ান্বেষী
"
বিশেষ্য,"তএকজন
"
বিশেষ্য,"ের
"
বিশেষণ,"েরাই
"
বিশেষ্য,"নো
"
বিশেষ্য,"িকের
"
বিশেষ্য,"র
"
বিশেষ্য,"োতে
"
বিশেষ্য,"ে
"
বিশেষ্য,"
"
বিশেষণ,"
"
ক্রিয়া,"রতের
"
বিশেষ্য,"বাদকেরা
"
অব্যয়,"
"
বিশেষ্য,"ীকে
"
বিশেষ্য,"
"
বিশেষ্য,"
"
বিশেষণ,"
"
বিশেষ্য,"য়
"
বিশেষ্য,"ের
"
বিশেষ্য,"সহ
"
বিশেষ্য,"
"
বিশেষণ,"াকে
"
বিশেষণ,"ি
"
বিশেষ্য,"য়ে
"
বিশেষ্য,"ত্বলাভে
"
বিশেষ্য,"তে
"
বিশেষ্য,"া
"
বিশেষ্য,"ার
"
বিশেষ্য,"গুলোই
"
বিশেষণ,"জন
"
বিশেষ্য,"তা
"
বিশেষ্য,"ৎগতিতে
"
বিশেষ্য,"
"
বিশেষ্য,"রায়
"
বিশেষণ,"
"
বিশেষ্য,"য়
"
বিশেষ্য,"ও
"
বিশেষ্য,"রা
"
বিশেষণ,"
"
বিশেষ্য,"কাই
"
বিশেষ্য,"টি
"
বিশেষ্য,"গুলি
"
বিশেষ্য,"
"
বিশেষণ,"
"
বিশেষ্য,"ে
"
বিশেষ্য,"
"
বিশেষণ,"
"
বিশেষ্য,"গর
"
বিশেষ্য,"েই
"
বিশেষণ,"িত
"
বিশেষ্য,"
"
বিশেষ্য,"ে
"
বিশেষ্য,"য়েট
"
বিশেষণ,"ের
"
বিশেষ্য,"ের
"
বিশেষ্য,"পতি
"
বিশেষ্য,"ঞ্জলি
"
বিশেষ্য,"ভাবে
"
বিশেষণ,"দেরই
"
বিশেষ্য,"লে
"
বিশেষ্য,"রা
"
বিশেষ্য,"টিতে
"
বিশেষ্য,"ুতিই
"
বিশেষ্য,"ে
"
বিশেষণ,"তাই
"
বিশেষ্য,"
"
বিশেষ্য,"র
"
বিশেষণ,"ে
"
বিশেষ্য,"
"
বিশেষণ,"
"
বিশেষ্য,"মর্জি
"
বিশেষ্য,"
"
বিশেষ্য,"প
"
বিশেষণ,"
"
বিশেষ্য,"বু
"
বিশেষ্য,"
"
বিশেষ্য,"য়
"
বিশেষ্য,"কথার
"
বিশেষ্য,"কে
"
বিশেষ্য,"ী
"
বিশেষ্য,"ল
"
বিশেষ্য,"দের
"
বিশেষ্য,"প্রতি
"
বিশেষ্য,"িজীবীসহ
"
বিশেষ্য,"া
"
বিশেষ্য,"
"
বিশেষ্য,"
"
বিশেষ্য,"
"
বিশেষ্য,"গের
"
বিশেষণ,"হননের
"
বিশেষ্য,"তে
"
বিশেষ্য,"
"
বিশেষ্য,"ন্ত
"
বিশেষণ,"্ম
"
বিশেষ্য,"ে
"
বিশেষ্য,"
"
বিশেষ্য,"যথা
"
বিশেষ্য,"ের
"
বিশেষণ,"
"
বিশেষ্য,"বেচ
"
বিশেষ্য,"ীণফোনের
"
বিশেষ্য,"নটির
"
বিশেষ্য,"েই
"
বিশেষণ,"ই
"
বিশেষ্য,"েরহিম
"
বিশেষ্য,"রামুলু
"
বিশেষ্য,"রা
"
বিশেষণ,"
"
বিশেষণ,"
"
বিশেষণ,"
"
বিশেষ্য,"রা
"
বিশেষ্য,"িতামূলক
"
বিশেষ্য,"
"
বিশেষ্য,"র
"
বিশেষ্য,"বিষয়ক
"
বিশেষ্য,"ে
"
বিশেষণ,"দের
"
বিশেষ্য,"র
"
বিশেষ্য,"ও
"
বিশেষ্য,"টির
"
বিশেষণ,"ি
"
ক্রিয়া,"নহাট
"
বিশেষ্য,"
"
বিশেষ্য,"
"
বিশেষ্য,"গুলোকে
"
বিশেষ্য,"টতারপর
"
বিশেষ্য,"লস
"
বিশেষণ,"
"
বিশেষ্য,"
"
বিশেষ্য,"টিও
"
বিশেষণ,"দের
"
বিশেষণ,"াও
"
বিশেষ্য,"পেরেরাদের
"
বিশেষণ,"ান
"
বিশেষ্য,"সহ
"
বিশেষ্য,"
"
বিশেষ্য,"ীকে
"
বিশেষ্য,"ের
"
বিশেষণ,"ে
"
বিশেষ্য,"
"
বিশেষ্য,"ই
"
বিশেষণ,"
"
বিশেষ্য,"
"
বিশেষণ,"
"
বিশেষণ,"ইড
"
বিশেষ্য,"জনপেয়েছেন
"
বিশেষণ,"মূল
"
বিশেষ্য,"ক
"
বিশেষ্য,"কে
"
বিশেষণ,"নোরা
"
বিশেষণ,"
"
বিশেষ্য,"র
"
বিশেষ্য,"র
"
বিশেষণ,"
"
বিশেষ্য,"রোড
"
বিশেষণ,"ই
"
বিশেষ্য,"া
"
বিশেষ্য,"ে
"
ক্রিয়া,"বার
"
বিশেষ্য,"শীল
"
বিশেষ্য,"াননি
"
বিশেষণ,"ের
"
ক্রিয়া,"তাম
"
বিশেষ্য,"
"
বিশেষ্য,"িক
"
বিশেষ্য,"লাভ
"
বিশেষণ,"
"
ক্রিয়া,"নো
"
বিশেষণ,"ের
"
ক্রিয়া,"
"
বিশেষ্য,"তে
"
বিশেষ্য,"ক
"
বিশেষ্য,"যোগ
"
বিশেষ্য,"ই
"
বিশেষ্য,"েন্দুসমরেশের
"
বিশেষ্য,"সীর
"
বিশেষ্য,"র
"
বিশেষ্য,"র
"
বিশেষ্য,"ায়
"
বিশেষণ,"
"
বিশেষ্য,"
"
বিশেষ্য,"জল
"
বিশেষ্য,"
"
বিশেষ্য,"ে
"
বিশেষ্য,"েই
"
বিশেষ্য,"েই
"
বিশেষ্য,"ের
"
বিশেষ্য,"কে
"
বিশেষণ,"তা
"
বিশেষ্য,"য়
"
বিশেষ্য,"ময়ী
"
বিশেষ্য,"িবাদ
"
বিশেষ্য,"দের
"
বিশেষণ,"
"
বিশেষ্য,"
"
বিশেষণ,"ে
"
বিশেষ্য,"নের
"
বিশেষ্য,"ক
"
বিশেষ্য,"ীকে
"
বিশেষ্য,"ীসাংসদদের
"
বিশেষণ,"
"
বিশেষ্য,"ে
"
বিশেষণ,"
"
বিশেষণ,"
"
বিশেষ্য,"র
"
বিশেষ্য,"বিদেরা
"
বিশেষ্য,"ণেচ্ছুদের
"
ক্রিয়া,"য়
"
বিশেষ্য,"
"
বিশেষ্য,"ের
"
বিশেষ্য,"পজলে
"
বিশেষ্য,"কে
"
বিশেষ্য,"র
"
ক্রিয়া,"র
"
বিশেষ্য,"
"
বিশেষ্য,"ের
"
বিশেষণ,"তর
"
বিশেষণ,"ি
"
বিশেষ্য,"রবনের
"
বিশেষণ,"তা
"
বিশেষ্য,"দের
"
বিশেষ্য,"িত
"
বিশেষ্য,"
"
বিশেষ্য,"ে
"
বিশেষণ,"েলসহ
"
বিশেষণ,"
"
বিশেষ্য,"বেল
"
বিশেষণ,"ত্বও
"
বিশেষণ,"কেই
"
বিশেষ্য,"
"
বিশেষণ,"
"
বিশেষ্য,"
"
বিশেষ্য,"এসের
"
বিশেষণ,"
"
বিশেষ্য,"ে
"
বিশেষ্য,"ের
"
বিশেষণ,"
"
বিশেষ্য,"মতে
"
বিশেষ্য,"র
"
বিশেষ্য,"
"
বিশেষ্য,"টির
"
বিশেষ্য,"র
"
বিশেষ্য,"ং
"
বিশেষ্য,"ধারী
"
ক্রিয়া,"নো
"
বিশেষণ,"কে
"
বিশেষণ,"
"
বিশেষ্য,"র
"
বিশেষ্য,"বাজিতেও
"
ক্রিয়া,"নো
"
বিশেষণ,"গুরবো
"
বিশেষ্য,"ই
"
বিশেষ্য,"
"
বিশেষ্য,"েও
"
বিশেষ্য,"ের
"
বিশেষ্য,"ের
"
বিশেষণ,"ীর
"
বিশেষ্য,"ুসগিরি
"
বিশেষ্য,"ে
"
বিশেষণ,"িক
"
বিশেষণ,"টাই
"
বিশেষ্য,"ী
"
বিশেষণ,"েরা
"
বিশেষ্য,"
"
বিশেষ্য,"েও
"
বিশেষ্য,"ূপইবা
"
বিশেষ্য,"কৃত
"
বিশেষণ,"সে
"
বিশেষ্য,"িয়া
"
বিশেষ্য,"াবলির
"
বিশেষ্য,"
"
বিশেষ্য,"কে
"
বিশেষ্য,"
"
বিশেষণ,"ির
"
বিশেষ্য,"
"
বিশেষ্য,"
"
অব্যয়,"তলে
"
বিশেষ্য,"ের
"
বিশেষ্য,"
"
বিশেষ্য,"ে
"
বিশেষ্য,"েটের
"
বিশেষ্য,"তে
"
বিশেষ্য,"দল
"
বিশেষ্য,"ত
"
ক্রিয়া,"ইনি
"
বিশেষ্য,"রই
"
বিশেষ্য,"কে
"
বিশেষ্য,"ও
"
বিশেষ্য,"চে
"
বিশেষ্য,"ও
"
বিশেষ্য,"ের
"
বিশেষ্য,"
"
বিশেষণ,"
"
বিশেষ্য,"
"
বিশেষ্য,"
"
বিশেষণ,"
"
বিশেষ্য,"
"
বিশেষ্য,"ইপর্বে
"
বিশেষ্য,"গুলোর
"
বিশেষ্য,"ক
"
বিশেষ্য,"
"
বিশেষ্য,"পুরে
"
বিশেষ্য,"কাটি
"
বিশেষ্য,"র
"
বিশেষ্য,"নগর
"
বিশেষ্য,"তায়
"
বিশেষ্য,"ে
"
বিশেষ্য,"ও
"
বিশেষ্য,"য
"
বিশেষ্য,"েরও
"
বিশেষ্য,"টি
"
বিশেষ্য,"গুলো
"
বিশেষ্য,"ের
"
বিশেষ্য,"নগুলো
"
বিশেষ্য,"য়ার
"
বিশেষ্য,"ে
"
বিশেষ্য,"ের
"
বিশেষ্য,"ও
"
ক্রিয়া,"লে
"
বিশেষণ,"
"
বিশেষণ,"ীও
"
বিশেষণ,"
"
বিশেষ্য,"
"
বিশেষ্য,"ই
"
বিশেষ্য,"
"
অব্যয়,"র
"
বিশেষ্য,"ীদের
"
বিশেষ্য,"
"
বিশেষণ,"
"
বিশেষ্য,"য়
"
বিশেষ্য,"সুর
"
বিশেষণ,"ি
"
বিশেষ্য,"ই
"
বিশেষণ,"সাৎ
"
বিশেষ্য,"ে
"
বিশেষ্য,"
"
ক্রিয়া,"নার
"
বিশেষণ,"বাসতেও
"
বিশেষ্য,"রকার
"
বিশেষণ,"ে
"
বিশেষ্য,"ে
"
বিশেষ্য,"গুলোকে
"
বিশেষ্য,"ী
"
বিশেষণ,"
"
বিশেষণ,"রা
"
বিশেষ্য,"ন
"
সর্বনাম,"ই
"
বিশেষ্য,"ের
"
বিশেষ্য,"টা
"
বিশেষণ,"
"
বিশেষ্য,"ের
"
বিশেষ্য,"া
"
ক্রিয়া,"
"
বিশেষ্য,"দ্দা
"
বিশেষ্য,"র
"
বিশেষণ,"দের
"
বিশেষ্য,"
"
বিশেষ্য,"য়
"
বিশেষ্য,"ে
"
বিশেষ্য,"রা
"
ক্রিয়া,"ক
"
বিশেষণ,"
"
বিশেষণ,"ষরাই
"
বিশেষ্য,"কে
"
বিশেষণ,"ি
"
বিশেষ্য,"
"
ক্রিয়া,"র
"
বিশেষ্য,"মে
"
বিশেষ্য,"োই
"
বিশেষ্য,"হীনতার
"
বিশেষ্য,"
"
বিশেষণ,"কথকতা
"
বিশেষণ,"
"
বিশেষ্য,"কেও
"
বিশেষ্য,"ে
"
বিশেষ্য,"ইন্টারনেট
"
বিশেষ্য,"তেই
"
বিশেষণ,"
"
বিশেষ্য,"ে
"
বিশেষ্য,"কতায়
"
বিশেষ্য,"
"
বিশেষ্য,"ও
"
বিশেষ্য,"ও
"
বিশেষ্য,"রপাড়া
"
বিশেষ্য,"িক
"
বিশেষণ,"নগর
"
বিশেষ্য,"
"
বিশেষ্য,"বশত
"
বিশেষ্য,"ক
"
বিশেষ্য,"েও
"
বিশেষণ,"ার
"
বিশেষ্য,"টিতে
"
বিশেষণ,"ির
"
বিশেষ্য,"জনকভাবে
"
বিশেষ্য,"কাগুলোতে
"
বিশেষ্য,"চদের
"
বিশেষণ,"পাঙ্গদের
"
বিশেষ্য,"ে
"
বিশেষ্য,"
"
বিশেষ্য,"কম্পিউটার
"
বিশেষ্য,"
"
বিশেষ্য,"ে
"
বিশেষণ,"
"
বিশেষণ,"
"
বিশেষণ,"েরা
"
বিশেষ্য,"দাতা
"
বিশেষ্য,"এল
"
বিশেষণ,"
"
বিশেষণ,"
"
বিশেষণ,"িতে
"
বিশেষ্য,"
"
বিশেষ্য,"র
"
বিশেষ্য,"কে
"
অব্যয়,"র
"
বিশেষণ,"েও
"
বিশেষ্য,"টার
"
বিশেষ্য,"কে
"
বিশেষণ,"
"
বিশেষণ,"
"
সর্বনাম,"রটি
"
বিশেষ্য,"টাকেই
"
বিশেষ্য,"
"
বিশেষ্য,"কায়
"
বিশেষ্য,"াসকে
"
বিশেষণ,"
"
বিশেষ্য,"া
"
বিশেষণ,"দের
"
বিশেষ্য,"ের
"
বিশেষ্য,"ী
"
বিশেষ্য,"
"
বিশেষ্য,"
"
বিশেষ্য,"াঞ্চলের
"
বিশেষ্য,"
"
বিশেষ্য,"ক
"
বিশেষণ,"োণা
"
বিশেষ্য,"
"
বিশেষ্য,"ে
"
বিশেষণ,"
"
বিশেষ্য,"লিয়ার
"
বিশেষ্য,"
"
ক্রিয়া,"
"
ক্রিয়া,"
"
বিশেষণ,"
"
ক্রিয়া,"
"
বিশেষ্য,"িংহের
"
বিশেষ্য,"
"
বিশেষ্য,"
"
বিশেষ্য,"সহ
"
বিশেষ্য,"ুক
"
বিশেষ্য,"সায়ী
"
বিশেষ্য,"কে
"
বিশেষ্য,"ই
"
বিশেষণ,"ষ
"
ক্রিয়া,"মবারো
"
বিশেষণ,"
"
বিশেষ্য,"
"
বিশেষ্য,"রই
"
বিশেষ্য,"ালেন
"
বিশেষ্য,"ও
"
বিশেষ্য,"েই
"
বিশেষ্য,"
"
বিশেষণ,"
"
বিশেষণ,"
"
বিশেষ্য,"েও
"
বিশেষ্য,"ক
"
বিশেষ্য,"ও
"
বিশেষ্য,"ের
"
বিশেষ্য,"লোকের
"
বিশেষ্য,"
"
বিশেষ্য,"তে
"
বিশেষণ,"ভাবেই
"
বিশেষ্য,"ন
"
বিশেষণ,"ে
"
বিশেষণ,"
"
বিশেষ্য,"
"
বিশেষণ,"টিকে
"
বিশেষ্য,"ীকে
"
বিশেষ্য,"টির
"
বিশেষ্য,"ণে
"
বিশেষ্য,"ন
"
বিশেষ্য,"
"
বিশেষণ,"ি
"
বিশেষ্য,"ে
"
বিশেষ্য,"
"
বিশেষ্য,"ে
"
বিশেষণ,"িত
"
বিশেষ্য,"জুড়ে
"
বিশেষ্য,"ণের
"
বিশেষণ,"
"
ক্রিয়া,"তে
"
বিশেষণ,"রা
"
বিশেষ্য,"কাররা
"
বিশেষণ,"বাগের
"
বিশেষণ,"
"
বিশেষ্য,"স
"
বিশেষ্য,"ত
"
বিশেষণ,"ির
"
বিশেষ্য,"কে
"
বিশেষ্য,"
"
বিশেষণ,"িকে
"
বিশেষ্য,"নীর
"
বিশেষ্য,"ের
"
বিশেষ্য,"ও
"
বিশেষণ,"াত
"
বিশেষ্য,"েটের
"
বিশেষণ,"
"
বিশেষ্য,"দেশ
"
বিশেষ্য,"
"
বিশেষণ,"
"
বিশেষ্য,"র
"
বিশেষণ,"িণের
"
বিশেষ্য,"টিকে
"
বিশেষ্য,"
"
বিশেষ্য,"ী
"
বিশেষ্য,"
"
বিশেষ্য,"নের
"
বিশেষ্য,"ের
"
বিশেষণ,"
"
বিশেষণ,"করণ
"
বিশেষ্য,"ও
"
বিশেষ্য,"োক্তি
"
বিশেষণ,"
"
বিশেষ্য,"ুলের
"
বিশেষ্য,"ে
"
বিশেষ্য,"য়াটাও
"
বিশেষণ,"
"
বিশেষণ,"তাগুলো
"
বিশেষ্য,"াদের
"
বিশেষ্য,"
"
বিশেষ্য,"
"
অব্যয়,"য়
"
বিশেষ্য,"ি
"
বিশেষ্য,"প্রার্থীদের
"
বিশেষ্য,"য়
"
বিশেষ্য,"
"
বিশেষ্য,"
"
বিশেষ্য,"ীর
"
বিশেষ্য,"াঞ্চলে
"
বিশেষণ,"িকথায়
"
বিশেষণ,"শনের
"
বিশেষ্য,"তে
"
বিশেষ্য,"াৎ
"
বিশেষ্য,"
"
বিশেষণ,"
"
বিশেষ্য,"
"
বিশেষ্য,"ে
"
বিশেষ্য,"ত্ব
"
ক্রিয়া,"
"
বিশেষ্য,"রীব্রিলিয়ান্ট
"
বিশেষ্য,"গুলো
"
বিশেষ্য,"ময়
"
বিশেষ্য,"ে
"
বিশেষ্য,"কা
"
বিশেষ্য,"গানের
"
বিশেষ্য,"
"
বিশেষ্য,"ত
"
বিশেষ্য,"ের
"
বিশেষ্য,"াগুলোর
"
বিশেষ্য,"দেশসিঙ্গাপুরের
"
বিশেষ্য,"
"
বিশেষণ,"ের
"
বিশেষ্য,"র
"
বিশেষ্য,"
"
বিশেষ্য,"াসগুলোকেই
"
বিশেষণ,"
"
বিশেষণ,"ই
"
বিশেষ্য,"ীদের
"
বিশেষ্য,"
"
বিশেষ্য,"ার
"
বিশেষ্য,"ণে
"
বিশেষ্য,"ই
"
বিশেষ্য,"তে
"
বিশেষ্য,"তেও
"
বিশেষ্য,"ীও
"
অব্যয়,"শী
"
বিশেষ্য,"ের
"
বিশেষ্য,"ের
"
বিশেষণ,"
"
বিশেষণ,"
"
ক্রিয়া,"রেই
"
বিশেষ্য,"ত
"
বিশেষণ,"
"
বিশেষ্য,"গণনার
"
বিশেষ্য,"ারদের
"
বিশেষ্য,"অ্যাটাক
"
বিশেষণ,"েরই
"
বিশেষ্য,"কোনের
"
বিশেষ্য,"
"
বিশেষ্য,"কে
"
বিশেষণ,"
"
বিশেষ্য,"এর
"
ক্রিয়া,"দের
"
বিশেষণ,"
"
বিশেষ্য,"ী
"
বিশেষ্য,"
"
বিশেষ্য,"সহ
"
বিশেষ্য,"
"
বিশেষণ,"ে
"
বিশেষ্য,"টি
"
বিশেষণ,"ও
"
বিশেষ্য,"কি
"
বিশেষ্য,"িই
"
বিশেষণ,"
"
বিশেষণ,"শেষ
"
বিশেষ্য,"েও
"
বিশেষ্য,"
"
বিশেষ্য,"ীদেরই
"
বিশেষ্য,"ীকে
"
বিশেষ্য,"ার
"
বিশেষ্য,"
"
বিশেষ্য,"ে
"
বিশেষ্য,"বাদকপেইন্টারে
"
বিশেষ্য,"ে
"
বিশেষণ,"
"
বিশেষ্য,"দেশের
"
বিশেষ্য,"ার
"
বিশেষণ,"িসহ
"
বিশেষ্য,"গুলো
"
বিশেষ্য,"
"
বিশেষণ,"
"
ক্রিয়া,"রই
"
বিশেষ্য,"
"
বিশেষ্য,"যুসমীরণএ
"
বিশেষ্য,"তেও
"
বিশেষ্য,"কে
"
ক্রিয়া,"ই
"
বিশেষণ,"
"
বিশেষ্য,"ইনগর
"
বিশেষ্য,"র
"
বিশেষ্য,"দের
"
বিশেষ্য,"
"
ক্রিয়া,"
"
ক্রিয়া,"রের
"
বিশেষ্য,"
"
বিশেষণ,"য়েন্ট
"
বিশেষ্য,"
"
বিশেষ্য,"
"
বিশেষ্য,"ের
"
বিশেষণ,"
"
বিশেষ্য,"বাড়িতেও
"
বিশেষ্য,"গুলো
"
বিশেষ্য,"েই
"
বিশেষণ,"
"
বিশেষ্য,"টাই
"
বিশেষ্য,"
"
বিশেষ্য,"জেব
"
বিশেষ্য,"
"
বিশেষণ,"ব
"
বিশেষ্য,"লয়গুলোকে
"
বিশেষ্য,"
"
বিশেষ্য,"ও
"
বিশেষণ,"ার্হ
"
বিশেষ্য,"র
"
বিশেষ্য,"ও
"
বিশেষ্য,"র
"
বিশেষ্য,"মূলক
"
বিশেষ্য,"ালের
"
বিশেষণ,"ি
"
বিশেষ্য,"ে
"
বিশেষ্য,"ল
"
বিশেষণ,"ক্টেবল
"
বিশেষ্য,"ররা
"
বিশেষণ,"াপুর
"
বিশেষ্য,"শনসের
"
বিশেষ্য,"ে
"
বিশেষ্য,"রাও
"
বিশেষ্য,"কার
"
বিশেষ্য,"ক
"
বিশেষ্য,"র
"
বিশেষ্য,"
"
বিশেষ্য,"েও
"
বিশেষণ,"িই
"
বিশেষ্য,"ময়
"
বিশেষ্য,"ছয়বার
"
বিশেষ্য,"য়
"
বিশেষ্য,"র
"
বিশেষ্য,"গতভাবে
"
বিশেষণ,"
"
বিশেষ্য,"ব্যবস্থার
"
বিশেষ্য,"টা
"
বিশেষ্য,"
"
বিশেষ্য,"এক
"
বিশেষ্য,"লীয়
"
বিশেষণ,"
"
বিশেষণ,"দের
"
বিশেষ্য,"র
"
বিশেষণ,"অযোগ্য
"
বিশেষ্য,"কে
"
বিশেষণ,"টাও
"
বিশেষ্য,"ায়নে
"
বিশেষ্য,"িকগুলো
"
অব্যয়,"িৎ
"
বিশেষ্য,"েই
"
বিশেষ্য,"মে
"
বিশেষ্য,"ি
"
বিশেষ্য,"া
"
বিশেষণ,"
"
বিশেষ্য,"
"
বিশেষ্য,"ের
"
বিশেষ্য,"েই
"
বিশেষ্য,"যগঠন
"
বিশেষ্য,"পাত
"
বিশেষ্য,"ও
"
বিশেষ্য,"মতো
"
বিশেষ্য,"অলিম্পিক
"
বিশেষ্য,"
"
বিশেষ্য,"ের
"
বিশেষ্য,"
"
বিশেষ্য,"তারের
"
বিশেষ্য,"ও
"
বিশেষ্য,"য়
"
বিশেষ্য,"কার
"
বিশেষ্য,"বাহিনী
"
বিশেষ্য,"ষী
"
বিশেষ্য,"ের
"
বিশেষ্য,"েই
"
বিশেষণ,"দের
"
বিশেষ্য,"ান্ত
"
বিশেষ্য,"জাত
"
বিশেষণ,"
"
বিশেষ্য,"টিতে
"
বিশেষ্য,"গুলো
"
বিশেষণ,"তাকে
"
বিশেষণ,"িয়া
"
বিশেষ্য,"
"
ক্রিয়া,"তে
"
বিশেষ্য,"র
"
বিশেষণ,"
"
বিশেষ্য,"
"
বিশেষ্য,"
"
বিশেষ্য,"ীদের
"
বিশেষ্য,"
"
ক্রিয়া,"য়
"
সর্বনাম,"
"
বিশেষণ,"ভাবে
"
বিশেষণ,"
"
বিশেষ্য,"
"
বিশেষ্য,"ায়নে
"
বিশেষ্য,"ীকে
"
বিশেষ্য,"
"
বিশেষণ,"তার
"
বিশেষ্য,"
"
বিশেষ্য,"টি
"
বিশেষ্য,"য়েই
"
ক্রিয়া,"ক
"
বিশেষ্য,"লের
"
বিশেষ্য,"েও
"
বিশেষ্য,"ে
"
বিশেষ্য,"
"
বিশেষ্য,"টা
"
বিশেষ্য,"
"
বিশেষ্য,"েই
"
বিশেষ্য,"নখেল
"
বিশেষ্য,"লিয়ার
"
বিশেষ্য,"
"
বিশেষ্য,"জমের
"
বিশেষ্য,"ী
"
বিশেষ্য,"
"
বিশেষ্য,"
"
বিশেষ্য,"্পপুতিনের
"
বিশেষ্য,"া
"
বিশেষ্য,"র
"
বিশেষ্য,"
"
বিশেষ্য,"ের
"
বিশেষ্য,"ী
"
বিশেষণ,"
"
বিশেষ্য,"সহ
"
বিশেষণ,"
"
বিশেষ্য,"
"
বিশেষণ,"োর
"
বিশেষ্য,"জোটের
"
বিশেষ্য,"
"
বিশেষ্য,"
"
বিশেষ্য,"ণের
"
বিশেষণ,"রা
"
বিশেষ্য,"
"
বিশেষণ,"
"
বিশেষ্য,"
"
বিশেষণ,"
"
ক্রিয়া,"লের
"
বিশেষ্য,"্যত্ব
"
বিশেষ্য,"ান্ধতার
"
বিশেষ্য,"টি
"
বিশেষণ,"য়
"
বিশেষ্য,"র
"
বিশেষ্য,"
"
বিশেষ্য,"
"
বিশেষ্য,"
"
বিশেষ্য,"তন
"
বিশেষ্য,"ালেই
"
বিশেষ্য,"
"
বিশেষ্য,"েরও
"
বিশেষণ,"ার
"
বিশেষ্য,"
"
বিশেষ্য,"কে
"
বিশেষ্য,"ল
"
বিশেষ্য,"চ্ছে
"
বিশেষণ,"ৃত
"
বিশেষ্য,"
"
ক্রিয়া,"র্ডসএ
"
বিশেষ্য,"
"
বিশেষ্য,"
"
ক্রিয়া,"
"
ক্রিয়া,"র
"
বিশেষণ,"ফাত
"
বিশেষণ,"টির
"
বিশেষ্য,"অবইমেরিটাস
"
বিশেষ্য,"হীন
"
বিশেষণ,"
"
বিশেষণ,"
"
বিশেষ্য,"ডটকমের
"
বিশেষ্য,"র
"
বিশেষ্য,"ের
"
বিশেষ্য,"
"
বিশেষ্য,"
"
বিশেষ্য,"হল
"
বিশেষ্য,"প্রতি
"
বিশেষণ,"
"
ক্রিয়া,"লেই
"
বিশেষ্য,"কভাবেই
"
বিশেষ্য,"েও
"
বিশেষণ,"
"
বিশেষ্য,"েরিনা
"
বিশেষণ,"
"
বিশেষণ,"করণ
"
বিশেষ্য,"টিস
"
বিশেষণ,"রা
"
বিশেষ্য,"ে
"
বিশেষ্য,"ই
"
বিশেষণ,"
"
বিশেষ্য,"কে
"
বিশেষ্য,"য়
"
বিশেষ্য,"
"
বিশেষ্য,"
"
বিশেষ্য,"োদ্যোগের
"
বিশেষ্য,"ন্তঘেঁষা
"
বিশেষ্য,"
"
বিশেষ্য,"টাও
"
বিশেষ্য,"ির
"
বিশেষ্য,"িয়াসহ
"
বিশেষণ,"সহ
"
বিশেষ্য,"ের
"
বিশেষ্য,"ে
"
বিশেষণ,"করণ
"
বিশেষ্য,"ী
"
বিশেষ্য,"
"
বিশেষ্য,"ছড়া
"
বিশেষণ,"িষ্কে
"
বিশেষ্য,"র
"
বিশেষ্য,"োকে
"
বিশেষ্য,"গুলো
"
বিশেষ্য,"িক
"
বিশেষ্য,"
"
বিশেষণ,"
"
বিশেষ্য,"
"
বিশেষ্য,"
"
বিশেষ্য,"ের
"
বিশেষ্য,"েস
"
ক্রিয়া,"রসদাই
"
বিশেষ্য,"গুলোর
"
বিশেষ্য,"ে
"
বিশেষ্য,"েই
"
বিশেষ্য,"ভারটা
"
বিশেষ্য,"তীয়া
"
ক্রিয়া,"ইন
"
বিশেষণ,"
"
বিশেষণ,"
"
বিশেষ্য,"
"
ক্রিয়া,"র্ল্ড
"
বিশেষ্য,"ে
"
বিশেষ্য,"ে
"
বিশেষণ,"
"
বিশেষ্য,"ের
"
বিশেষণ,"
"
বিশেষ্য,"ের
"
বিশেষণ,"
"
বিশেষ্য,"য়
"
বিশেষ্য,"লো
"
বিশেষ্য,"বন
"
বিশেষ্য,"সময়ের
"
বিশেষ্য,"মের
"
বিশেষণ,"ের
"
বিশেষ্য,"ীকে
"
বিশেষ্য,"ও
"
বিশেষ্য,"
"
বিশেষণ,"াসেলিব্রেটি
"
বিশেষ্য,"
"
বিশেষ্য,"ের
"
বিশেষ্য,"
"
বিশেষ্য,"য়
"
বিশেষ্য,"
"
বিশেষ্য,"ে
"
ক্রিয়া,"নোর
"
বিশেষ্য,"ে
"
বিশেষ্য,"হ
"
বিশেষণ,"
"
বিশেষণ,"েরা
"
বিশেষণ,"ানকে
"
বিশেষ্য,"ের
"
বিশেষণ,"ও
"
ক্রিয়া,"ম
"
বিশেষ্য,"জীবী
"
বিশেষণ,"য়
"
বিশেষ্য,"সহ
"
বিশেষ্য,"
"
বিশেষ্য,"াবে
"
বিশেষ্য,"পুর
"
বিশেষ্য,"িত
"
বিশেষ্য,"
"
বিশেষ্য,"
"
বিশেষণ,"
"
বিশেষ্য,"য়
"
বিশেষ্য,"
"
বিশেষণ,"স্টার
"
বিশেষ্য,"ীদের
"
বিশেষ্য,"টা
"
বিশেষ্য,"ই
"
বিশেষ্য,"ে
"
বিশেষ্য,"িং
"
বিশেষণ,"িভেদে
"
বিশেষ্য,"
"
বিশেষ্য,"
"
বিশেষণ,"
"
বিশেষ্য,"গুলো
"
বিশেষ্য,"ের
"
বিশেষ্য,"নীর
"
বিশেষ্য,"ক্যে
"
বিশেষ্য,"্রগুলো
"
বিশেষণ,"
"
বিশেষ্য,"
"
বিশেষ্য,"র
"
বিশেষণ,"
"
বিশেষ্য,"্ড
"
বিশেষ্য,"ল
"
বিশেষ্য,"গুলো
"
বিশেষ্য,"ীদের
"
বিশেষ্য,"কে
"
বিশেষ্য,"এইচএসবিসি
"
বিশেষণ,"সমালোচনার
"
বিশেষ্য,"টাই
"
বিশেষ্য,"কে
"
বিশেষ্য,"ি
"
বিশেষ্য,"ই
"
বিশেষ্য,"
"
বিশেষ্য,"ও
"
বিশেষণ,"ি
"
বিশেষ্য,"
"
বিশেষ্য,"দাতা
"
বিশেষ্য,"টা
"
বিশেষ্য,"
"
বিশেষ্য,"গুলোতে
"
বিশেষ্য,"পারসনসহ
"
বিশেষ্য,"সবই
"
বিশেষণ,"লে
"
বিশেষণ,"েরা
"
বিশেষ্য,"ে
"
বিশেষ্য,"কেরা
"
ক্রিয়া,"
"
ক্রিয়া,"ইনের
"
বিশেষণ,"ির
"
বিশেষ্য,"্যের
"
বিশেষ্য,"ার
"
বিশেষণ,"
"
বিশেষণ,"ার
"
বিশেষ্য,"ায়ন
"
বিশেষণ,"
"
ক্রিয়া,"কে
"
বিশেষ্য,"ে
"
বিশেষ্য,"ই
"
বিশেষ্য,"
"
বিশেষ্য,"ক্কাও
"
বিশেষ্য,"য়াও
"
বিশেষ্য,"ী
"
বিশেষ্য,"ি
"
বিশেষ্য,"সহ
"
বিশেষ্য,"ের
"
বিশেষ্য,"
"
বিশেষ্য,"তে
"
সর্বনাম,"
"
বিশেষণ,"কেই
"
বিশেষ্য,"্রিও
"
বিশেষ্য,"ীতে
"
বিশেষ্য,"ে
"
বিশেষ্য,"অ্যাকশন
"
বিশেষ্য,"
"
বিশেষণ,"দেরই
"
বিশেষ্য,"ে
"
বিশেষ্য,"ই
"
বিশেষ্য,"র
"
বিশেষ্য,"গুলো
"
বিশেষ্য,"ের
"
বিশেষণ,"দের
"
বিশেষণ,"ির
"
বিশেষ্য,"
"
বিশেষ্য,"য়
"
বিশেষ্য,"ে
"
বিশেষণ,"েরা
"
বিশেষ্য,"
"
বিশেষ্য,"ে
"
বিশেষ্য,"বীর
"
বিশেষ্য,"তে
"
বিশেষ্য,"
"
সর্বনাম,"ের
"
বিশেষণ,"টি
"
বিশেষ্য,"েও
"
বিশেষ্য,"ন
"
বিশেষ্য,"ক
"
বিশেষণ,"িগণ
"
বিশেষ্য,"্টও
"
বিশেষ্য,"কালে
"
বিশেষ্য,"র
"
বিশেষ্য,"ও
"
বিশেষ্য,"ায়ন
"
বিশেষ্য,"ের
"
বিশেষ্য,"তে
"
বিশেষ্য,"র
"
বিশেষণ,"
"
ক্রিয়া,"ইটের
"
বিশেষ্য,"াচরণ
"
বিশেষ্য,"কর
"
বিশেষণ,"ই
"
বিশেষ্য,"
"
বিশেষ্য,"
"
বিশেষ্য,"
"
বিশেষ্য,"ানদেরও
"
বিশেষ্য,"নাথন
"
বিশেষ্য,"লঘু
"
বিশেষ্য,"ের
"
বিশেষ্য,"
"
বিশেষণ,"িস
"
ক্রিয়া,"র
"
অব্যয়,"র
"
বিশেষ্য,"
"
বিশেষ্য,"ান
"
বিশেষ্য,"ত্বও
"
বিশেষ্য,"ের
"
বিশেষণ,"
"
বিশেষ্য,"ে
"
বিশেষ্য,"
"
বিশেষ্য,"িকতা
"
বিশেষ্য,"
"
বিশেষ্য,"িটা
"
বিশেষ্য,"কে
"
ক্রিয়া,"ম
"
বিশেষ্য,"রের
"
বিশেষ্য,"টি
"
বিশেষ্য,"য়া
"
বিশেষণ,"দের
"
বিশেষণ,"
"
বিশেষ্য,"র
"
বিশেষ্য,"মুল
"
বিশেষ্য,"টি
"
বিশেষ্য,"
"
ক্রিয়া,"বে
"
বিশেষ্য,"কে
"
বিশেষ্য,"নে
"
বিশেষণ,"র
"
বিশেষ্য,"ার
"
বিশেষণ,"গানকে
"
ক্রিয়া,"দময়তা
"
বিশেষণ,"র
"
বিশেষ্য,"েযাব
"
বিশেষণ,"র
"
বিশেষ্য,"িএমন
"
বিশেষ্য,"ে
"
বিশেষণ,"িহীন
"
বিশেষ্য,"রও
"
বিশেষণ,"দের
"
বিশেষ্য,"
"
বিশেষ্য,"প
"
বিশেষ্য,"দোলিদ
"
বিশেষ্য,"েই
"
বিশেষণ,"
"
বিশেষণ,"ংয়ের
"
বিশেষ্য,"য্যপ্রার্থী
"
বিশেষণ,"ঘাতি
"
বিশেষণ,"াটা
"
বিশেষণ,"হাট
"
ক্রিয়া,"র
"
বিশেষণ,"শোষকদের
"
বিশেষ্য,"র
"
বিশেষ্য,"প্যাড
"
বিশেষ্য,"টি
"
বিশেষ্য,"র
"
বিশেষ্য,"ত্ব
"
বিশেষ্য,"ও
"
বিশেষণ,"ে
"
বিশেষ্য,"েও
"
বিশেষণ,"
"
ক্রিয়া,"র
"
বিশেষণ,"ি
"
বিশেষ্য,"গুলোর
"
বিশেষ্য,"ে
"
বিশেষণ,"
"
বিশেষ্য,"ে
"
বিশেষ্য,"
"
বিশেষ্য,"া
"
বিশেষ্য,"য়
"
বিশেষ্য,"ে
"
বিশেষ্য,"
"
বিশেষ্য,"কালে
"
বিশেষ্য,"
"
বিশেষ্য,"ীকে
"
বিশেষ্য,"ুল্লাহসহ
"
অব্যয়,"
"
বিশেষণ,"
"
বিশেষ্য,"দানের
"
বিশেষ্য,"তার
"
বিশেষ্য,"
"
বিশেষ্য,"
"
বিশেষণ,"
"
বিশেষ্য,"েন
"
বিশেষণ,"ভাবেই
"
বিশেষ্য,"ই
"
ক্রিয়া,"শ
"
বিশেষণ,"ি
"
বিশেষ্য,"
"
বিশেষ্য,"য়াতেই
"
বিশেষ্য,"য়নিয়ারের
"
বিশেষ্য,"ে
"
বিশেষ্য,"চিকিৎসা
"
বিশেষ্য,"
"
বিশেষণ,"কেটের
"
বিশেষ্য,"াবলিক্রিস্টোফার
"
বিশেষ্য,"
"
বিশেষ্য,"ে
"
বিশেষ্য,"মতি
"
বিশেষ্য,"ে
"
বিশেষ্য,"ের
"
বিশেষ্য,"জয়ী
"
বিশেষণ,"
"
বিশেষ্য,"
"
বিশেষ্য,"ধসে
"
বিশেষ্য,"কে
"
বিশেষ্য,"
"
বিশেষ্য,"ণও
"
বিশেষ্য,"
"
বিশেষণ,"ননি
"
বিশেষ্য,"ায়
"
বিশেষণ,"রণকে
"
বিশেষ্য,"
"
ক্রিয়া,"
"
বিশেষ্য,"ডব্লিউ
"
বিশেষ্য,"
"
বিশেষ্য,"
"
বিশেষ্য,"টির
"
বিশেষণ,"ে
"
বিশেষণ,"ভাবে
"
বিশেষণ,"পাধ্যায়ের
"
বিশেষ্য,"ক
"
বিশেষণ,"িপণের
"
বিশেষ্য,"ে
"
বিশেষণ,"ভাবেও
"
বিশেষণ,"সেনের
"
বিশেষ্য,"গুলো
"
বিশেষ্য,"ীদের
"
বিশেষ্য,"ফেল
"
বিশেষ্য,"য়ে
"
বিশেষ্য,"টি
"
বিশেষ্য,"
"
বিশেষ্য,"ও
"
বিশেষণ,"ি
"
বিশেষণ,"্বদা
"
বিশেষ্য,"র
"
বিশেষ্য,"ের
"
বিশেষণ,"ম
"
বিশেষ্য,"য়
"
ক্রিয়া,"কাটি
"
বিশেষ্য,"ধরার
"
বিশেষণ,"
"
বিশেষ্য,"ের
"
বিশেষণ,"মিসকিনদের
"
বিশেষণ,"জ
"
বিশেষ্য,"রা
"
বিশেষ্য,"্যহিক
"
বিশেষণ,"
"
বিশেষ্য,"িতাই
"
বিশেষ্য,"
"
বিশেষ্য,"র
"
বিশেষ্য,"করভাবে
"
বিশেষ্য,"মুখী
"
বিশেষণ,"রাখবে
"
বিশেষ্য,"
"
বিশেষ্য,"র
"
বিশেষ্য,"ের
"
বিশেষণ,"
"
বিশেষ্য,"রই
"
বিশেষ্য,"ের
"
বিশেষ্য,"
"
বিশেষ্য,"ল্ড
"
বিশেষণ,"
"
বিশেষ্য,"শঙ্কর
"
অব্যয়,"
"
বিশেষ্য,"
"
বিশেষণ,"
"
বিশেষ্য,"
"
বিশেষ্য,"
"
বিশেষ্য,"্দি
"
বিশেষ্য,"অ্যাথলেটদের
"
বিশেষ্য,"য়
"
বিশেষ্য,"ী
"
বিশেষ্য,"ও
"
বিশেষ্য,"ী
"
বিশেষ্য,"
"
বিশেষ্য,"্ট্রিক
"
বিশেষ্য,"টি
"
বিশেষণ,"
"
বিশেষ্য,"
"
বিশেষণ,"
"
বিশেষ্য,"গুলোকে
"
বিশেষ্য,"
"
বিশেষণ,"
"
বিশেষ্য,"
"
বিশেষ্য,"িশনে
"
বিশেষ্য,"কয়রা
"
বিশেষণ,"িনগর
"
বিশেষ্য,"টাও
"
বিশেষণ,"
"
বিশেষ্য,"
"
বিশেষ্য,"ণপাল্টা
"
বিশেষ্য,"
"
ক্রিয়া,"জ
"
ক্রিয়া,"নোকে
"
বিশেষণ,"
"
বিশেষ্য,"ের
"
বিশেষ্য,"
"
বিশেষ্য,"
"
বিশেষ্য,"
"
বিশেষণ,"
"
বিশেষ্য,"তা
"
বিশেষ্য,"
"
বিশেষ্য,"ার
"
বিশেষণ,"
"
বিশেষ্য,"নোর
"
বিশেষ্য,"দেশনম
"
বিশেষ্য,"ের
"
বিশেষ্য,"রা
"
বিশেষণ,"ের
"
বিশেষ্য,"গুলোতে
"
ক্রিয়া,"নোয়
"
বিশেষ্য,"্যর
"
বিশেষ্য,"
"
বিশেষ্য,"য়
"
বিশেষ্য,"য়
"
বিশেষ্য,"া
"
বিশেষ্য,"িতে
"
বিশেষণ,"র
"
বিশেষ্য,"
"
বিশেষ্য,"
"
বিশেষ্য,"ক
"
বিশেষ্য,"
"
বিশেষণ,"তায়
"
বিশেষ্য,"ই
"
বিশেষ্য,"টের
"
বিশেষণ,"রূপে
"
বিশেষণ,"
"
বিশেষ্য,"না
"
ক্রিয়া,"র
"
বিশেষণ,"ণার
"
বিশেষ্য,"া
"
বিশেষ্য,"টার
"
বিশেষ্য,"
"
বিশেষণ,"নো
"
বিশেষণ,"ি
"
বিশেষ্য,"
"
বিশেষ্য,"
"
বিশেষ্য,"ের
"
ক্রিয়া,"ননি
"
বিশেষণ,"ির
"
বিশেষ্য,"ান
"
বিশেষ্য,"ই
"
বিশেষ্য,"গণ
"
বিশেষ্য,"মোতে
"
বিশেষ্য,"ে
"
বিশেষ্য,"তা
"
বিশেষ্য,"র
"
বিশেষ্য,"
"
বিশেষ্য,"ণীসহ
"
বিশেষ্য,"র্ত
"
বিশেষণ,"রের
"
বিশেষ্য,"র
"
বিশেষণ,"র
"
বিশেষণ,"ধ্যায়সহ
"
বিশেষ্য,"
"
ক্রিয়া,"হু
"
বিশেষ্য,"িকভাবে
"
বিশেষ্য,"র
"
বিশেষণ,"কুল
"
বিশেষ্য,"নগুলোই
"
বিশেষ্য,"বতী
"
বিশেষ্য,"ায়
"
বিশেষ্য,"ের
"
বিশেষণ,"
"
বিশেষণ,"বাসেনি
"
সর্বনাম,"ং
"
বিশেষ্য,"ে
"
বিশেষ্য,"ে
"
বিশেষণ,"তার
"
বিশেষ্য,"ের
"
ক্রিয়া,"র্চার
"
বিশেষ্য,"ে
"
বিশেষণ,"িকভাবে
"
ক্রিয়া,"নোরও
"
বিশেষ্য,"
"
বিশেষ্য,"র
"
বিশেষণ,"ী
"
বিশেষ্য,"ে
"
বিশেষ্য,"ই
"
বিশেষ্য,"েই
"
বিশেষ্য,"ে
"
বিশেষ্য,"ে
"
বিশেষ্য,"
"
বিশেষ্য,"ে
"
বিশেষ্য,"য়
"
বিশেষ্য,"
"
বিশেষ্য,"সেসিন
"
বিশেষ্য,"
"
বিশেষ্য,"য়ই
"
বিশেষ্য,"ের
"
বিশেষণ,"
"
বিশেষ্য,"লে
"
বিশেষ্য,"
"
বিশেষ্য,"
"
বিশেষ্য,"ি
"
বিশেষ্য,"ওতে
"
বিশেষ্য,"য়
"
ক্রিয়া,"
"
বিশেষণ,"
"
বিশেষ্য,"র
"
বিশেষণ,"
"
বিশেষ্য,"
"
বিশেষ্য,"য়ে
"
বিশেষ্য,"টি
"
বিশেষণ,"
"
বিশেষ্য,"ে
"
বিশেষ্য,"ে
"
বিশেষ্য,"রকে
"
ক্রিয়া,"টা
"
বিশেষণ,"ন্দা
"
ক্রিয়া,"
"
বিশেষ্য,"কগণ
"
বিশেষ্য,"
"
বিশেষ্য,"ক
"
বিশেষণ,"ৎও
"
বিশেষ্য,"র
"
বিশেষণ,"ার
"
বিশেষ্য,"
"
বিশেষ্য,"
"
বিশেষ্য,"
"
বিশেষণ,"
"
বিশেষ্য,"ের
"
বিশেষ্য,"য়া
"
বিশেষ্য,"
"
বিশেষ্য,"ট্রিকডাবল
"
বিশেষ্য,"র
"
বিশেষ্য,"
"
ক্রিয়া,"য়
"
বিশেষ্য,"ও
"
বিশেষ্য,"ে
"
বিশেষ্য,"ীদের
"
বিশেষ্য,"
"
বিশেষ্য,"জলে
"
বিশেষ্য,"ের
"
বিশেষ্য,"ী
"
বিশেষ্য,"নে
"
বিশেষ্য,"মূলক
"
বিশেষ্য,"গুলো
"
বিশেষণ,"ন
"
বিশেষ্য,"
"
বিশেষণ,"
"
বিশেষণ,"
"
বিশেষ্য,"কেই
"
ক্রিয়া,"
"
বিশেষ্য,"গুলোয়
"
বিশেষ্য,"্ড
"
বিশেষ্য,"টা
"
বিশেষ্য,"
"
বিশেষ্য,"ীদের
"
বিশেষ্য,"এর
"
বিশেষ্য,"কলমে
"
বিশেষ্য,"
"
বিশেষণ,"কেরা
"
বিশেষ্য,"
"
বিশেষণ,"ই
"
বিশেষ্য,"
"
বিশেষ্য,"
"
বিশেষ্য,"ের
"
বিশেষ্য,"
"
বিশেষণ,"ি
"
বিশেষণ,"াজুড়ে
"
বিশেষণ,"ণীয়
"
বিশেষ্য,"ত
"
বিশেষ্য,"ঘরের
"
বিশেষ্য,"
"
বিশেষণ,"ের
"
বিশেষ্য,"
"
বিশেষ্য,"
"
বিশেষণ,"
"
বিশেষণ,"সহ
"
বিশেষণ,"ি
"
বিশেষণ,"ীকরণের
"
বিশেষ্য,"াই
"
বিশেষ্য,"েও
"
বিশেষ্য,"
"
বিশেষ্য,"টুকু
"
বিশেষণ,"ান
"
ক্রিয়া,"লাম
"
বিশেষ্য,"ক
"
বিশেষ্য,"র
"
বিশেষ্য,"য়
"
বিশেষণ,"ে
"
বিশেষণ,"ি
"
বিশেষণ,"
"
বিশেষ্য,"র
"
বিশেষণ,"
"
বিশেষ্য,"ন
"
বিশেষ্য,"কোনো
"
বিশেষ্য,"বাজদের
"
বিশেষ্য,"ণের
"
বিশেষণ,"েরা
"
বিশেষ্য,"
"
বিশেষণ,"
"
বিশেষ্য,"কে
"
বিশেষ্য,"িগ্রস্তদের
"
বিশেষ্য,"লীগও
"
বিশেষ্য,"শাশুড়িকে
"
বিশেষ্য,"নের
"
বিশেষ্য,"
"
বিশেষণ,"
"
বিশেষ্য,"্যে
"
বিশেষ্য,"
"
বিশেষ্য,"টিকে
"
বিশেষ্য,"
"
বিশেষ্য,"
"
বিশেষ্য,"র
"
বিশেষ্য,"তে
"
বিশেষণ,"ুতে
"
বিশেষ্য,"
"
বিশেষণ,"িণ
"
ক্রিয়া,"সহ
"
বিশেষ্য,"াদেশ
"
বিশেষ্য,"দের
"
বিশেষ্য,"
"
বিশেষ্য,"ে
"
বিশেষ্য,"মারী
"
বিশেষ্য,"টি
"
বিশেষ্য,"
"
ক্রিয়া,"য়
"
বিশেষ্য,"সহ
"
বিশেষ্য,"টি
"
বিশেষণ,"
"
বিশেষণ,"তামূলক
"
বিশেষ্য,"
"
বিশেষ্য,"কুমার
"
বিশেষ্য,"ার
"
বিশেষ্য,"রটি
"
বিশেষ্য,"েই
"
ক্রিয়া,"
"
বিশেষ্য,"ম
"
বিশেষ্য,"র
"
বিশেষ্য,"
"
বিশেষণ,"রা
"
বিশেষ্য,"ে
"
বিশেষ্য,"তার
"
বিশেষণ,"কে
"
বিশেষ্য,"ে
"
বিশেষ্য,"িকা
"
বিশেষ্য,"য়
"
বিশেষ্য,"
"
বিশেষ্য,"রকলা
"
বিশেষ্য,"ীর
"
বিশেষ্য,"কে
"
বিশেষণ,"ের
"
বিশেষ্য,"ী
"
বিশেষ্য,"র
"
বিশেষ্য,"টি
"
বিশেষ্য,"
"
বিশেষ্য,"ী
"
বিশেষ্য,"ান্ধতা
"
বিশেষ্য,"
"
বিশেষ্য,"গুলো
"
বিশেষ্য,"ে
"
বিশেষ্য,"মণিদের
"
বিশেষ্য,"র
"
বিশেষ্য,"টাই
"
ক্রিয়া,"রিতে
"
বিশেষ্য,"
"
বিশেষণ,"ানের
"
বিশেষণ,"দের
"
বিশেষ্য,"র
"
বিশেষ্য,"
"
বিশেষ্য,"টিই
"
বিশেষ্য,"িকে
"
বিশেষ্য,"ীকবজিতে
"
বিশেষ্য,"টাও
"
বিশেষ্য,"
"
বিশেষ্য,"র
"
বিশেষ্য,"র
"
বিশেষ্য,"াবধায়ক
"
বিশেষণ,"তা
"
বিশেষণ,"ের
"
বিশেষ্য,"সুচন্দা
"
বিশেষ্য,"সংঘে
"
বিশেষ্য,"র
"
বিশেষ্য,"নোর
"
বিশেষ্য,"
"
বিশেষ্য,"লয়ের
"
বিশেষ্য,"দেরও
"
বিশেষ্য,"ীকৃত
"
বিশেষ্য,"হতেহয়েছিল
"
বিশেষ্য,"
"
বিশেষ্য,"
"
বিশেষ্য,"
"
বিশেষ্য,"কলাকে
"
বিশেষ্য,"
"
বিশেষণ,"
"
বিশেষ্য,"কে
"
বিশেষ্য,"লের
"
বিশেষ্য,"ের
"
বিশেষ্য,"মূলক
"
বিশেষ্য,"ে
"
বিশেষ্য,"ভাইয়ের
"
বিশেষ্য,"ে
"
বিশেষ্য,"কে
"
বিশেষণ,"তায়
"
বিশেষ্য,"
"
বিশেষণ,"ীয়কে
"
বিশেষ্য,"িতার
"
বিশেষ্য,"ের
"
বিশেষ্য,"ৎসা
"
বিশেষণ,"তার
"
ক্রিয়া,"মেডানের
"
ক্রিয়া,"নোটাই
"
বিশেষ্য,"রমণ
"
বিশেষণ,"
"
বিশেষ্য,"পুরের
"
ক্রিয়া,"রে
"
বিশেষ্য,"ার
"
বিশেষ্য,"েরএখনই
"
বিশেষণ,"রটা
"
বিশেষ্য,"র্যামী
"
বিশেষ্য,"
"
বিশেষ্য,"রতলে
"
বিশেষ্য,"
"
বিশেষ্য,"
"
সর্বনাম,"র্স
"
বিশেষ্য,"ও
"
বিশেষণ,"োৎসবের
"
বিশেষণ,"
"
বিশেষ্য,"ক
"
বিশেষ্য,"
"
বিশেষ্য,"বাহিনীর
"
বিশেষ্য,"ের
"
অব্যয়,"
"
বিশেষ্য,"ের
"
বিশেষ্য,"দের
"
বিশেষণ,"টির
"
বিশেষ্য,"কবলিত
"
বিশেষ্য,"
"
বিশেষণ,"ে
"
বিশেষ্য,"ফ
"
বিশেষ্য,"ীগুলো
"
বিশেষ্য,"াএমনকি
"
বিশেষ্য,"তভাবে
"
বিশেষণ,"ার
"
বিশেষণ,"র
"
বিশেষ্য,"
"
বিশেষ্য,"মা
"
বিশেষণ,"
"
ক্রিয়া,"
"
বিশেষ্য,"ে
"
বিশেষণ,"
"
বিশেষণ,"িতে
"
বিশেষ্য,"্যেরা
"
বিশেষ্য,"ত
"
বিশেষ্য,"
"
বিশেষ্য,"াল
"
বিশেষ্য,"গুলোর
"
বিশেষ্য,"ের
"
বিশেষণ,"োসের
"
বিশেষ্য,"
"
বিশেষণ,"
"
বিশেষ্য,"নীর
"
বিশেষ্য,"
"
বিশেষ্য,"কে
"
বিশেষ্য,"কেরা
"
বিশেষ্য,"
"
বিশেষ্য,"
"
বিশেষ্য,"েরও
"
বিশেষ্য,"য়েছিল
"
বিশেষ্য,"
"
বিশেষ্য,"র
"
বিশেষ্য,"ল
"
বিশেষ্য,"
"
বিশেষ্য,"ী
"
বিশেষ্য,"
"
বিশেষ্য,"কে
"
বিশেষ্য,"টাই
"
বিশেষণ,"রা
"
বিশেষ্য,"
"
বিশেষ্য,"ে
"
বিশেষ্য,"পন্থী
"
ক্রিয়া,"ম
"
বিশেষ্য,"েই
"
বিশেষ্য,"
"
বিশেষ্য,"গুলো
"
বিশেষ্য,"টাই
"
বিশেষ্য,"
"
বিশেষণ,"িত
"
বিশেষ্য,"
"
বিশেষ্য,"রা
"
বিশেষ্য,"রের
"
বিশেষ্য,"
"
বিশেষ্য,"য়া
"
বিশেষ্য,"তির
"
বিশেষণ,"নী
"
বিশেষ্য,"র্নি
"
বিশেষ্য,"ক
"
বিশেষ্য,"ে
"
বিশেষ্য,"
"
বিশেষ্য,"
"
বিশেষ্য,"বাড়ী
"
বিশেষ্য,"
"
বিশেষ্য,"
"
বিশেষ্য,"মোগত
"
বিশেষ্য,"
"
বিশেষ্য,"ের
"
বিশেষ্য,"ইয়ের
"
বিশেষ্য,"বরন
"
বিশেষ্য,"ল
"
বিশেষ্য,"াচের
"
বিশেষ্য,"নো
"
বিশেষ্য,"ও
"
বিশেষ্য,"কথা
"
ক্রিয়া,"টি
"
ক্রিয়া,"য়
"
বিশেষ্য,"
"
বিশেষ্য,"ড়কারের
"
বিশেষণ,"প্রতিম
"
বিশেষণ,"িত
"
বিশেষ্য,"ের
"
বিশেষ্য,"ীর
"
বিশেষ্য,"চার
"
বিশেষ্য,"
"
বিশেষণ,"িষ্ককেই
"
বিশেষ্য,"শক
"
বিশেষ্য,"া
"
বিশেষ্য,"পাতের
"
বিশেষণ,"
"
বিশেষ্য,"েড
"
বিশেষণ,"
"
বিশেষ্য,"ো
"
বিশেষ্য,"বাসীর
"
বিশেষ্য,"া
"
বিশেষ্য,"তা
"
বিশেষ্য,"মতো
"
বিশেষণ,"ির
"
বিশেষ্য,"
"
বিশেষণ,"জির
"
ক্রিয়া,"র
"
বিশেষ্য,"ে
"
বিশেষণ,"ির
"
বিশেষ্য,"দেরও
"
বিশেষ্য,"
"
বিশেষ্য,"দুরস্ত
"
বিশেষণ,"ভাবে
"
বিশেষ্য,"ে
"
বিশেষণ,"
"
বিশেষ্য,"ে
"
বিশেষ্য,"
"
বিশেষ্য,"খনিজ
"
বিশেষ্য,"ও
"
বিশেষ্য,"
"
বিশেষ্য,"টা
"
বিশেষ্য,"র
"
বিশেষ্য,"শহরের
"
বিশেষ্য,"ের
"
ক্রিয়া,"ণে
"
বিশেষ্য,"ছাড়া
"
বিশেষণ,"
"
বিশেষ্য,"
"
বিশেষ্য,"
"
বিশেষ্য,"ক
"
বিশেষণ,"া
"
বিশেষ্য,"
"
বিশেষ্য,"ল
"
বিশেষণ,"
"
বিশেষ্য,"
"
বিশেষ্য,"ে
"
বিশেষণ,"তা
"
বিশেষণ,"ের
"
বিশেষ্য,"সহ
"
ক্রিয়া,"ক্ত
"
বিশেষণ,"
"
বিশেষ্য,"
"
বিশেষ্য,"ক
"
বিশেষ্য,"য়
"
বিশেষ্য,"েরা
"
বিশেষ্য,"ীকেও
"
বিশেষ্য,"ে
"
বিশেষ্য,"লীয়
"
বিশেষ্য,"
"
বিশেষণ,"সমালোচনা
"
বিশেষ্য,"টা
"
বিশেষণ,"কে
"
বিশেষ্য,"ে
"
বিশেষ্য,"
"
বিশেষ্য,"
"
বিশেষ্য,"তলার
"
বিশেষণ,"
"
বিশেষ্য,"ক
"
বিশেষ্য,"ীরা
"
বিশেষ্য,"র
"
বিশেষ্য,"ন
"
বিশেষ্য,"কবির
"
বিশেষ্য,"পড়ুয়া
"
বিশেষ্য,"ম্যাটা
"
বিশেষ্য,"ের
"
বিশেষ্য,"ে
"
বিশেষ্য,"
"
বিশেষ্য,"িটি
"
বিশেষণ,"
"
বিশেষ্য,"কেরাও
"
বিশেষ্য,"
"
বিশেষ্য,"য়
"
সর্বনাম,"জী
"
বিশেষ্য,"টা
"
বিশেষ্য,"েছেন
"
বিশেষ্য,"
"
বিশেষ্য,"ে
"
বিশেষণ,"টুকুই
"
বিশেষণ,"
"
বিশেষ্য,"
"
বিশেষ্য,"র
"
বিশেষ্য,"বলে
"
বিশেষ্য,"িকার
"
অব্যয়,"ও
"
বিশেষ্য,"ীয়ও
"
বিশেষ্য,"ে
"
বিশেষণ,"স্তানবাদের
"
বিশেষ্য,"ও
"
বিশেষ্য,"ের
"
বিশেষ্য,"
"
বিশেষ্য,"লগুলোতে
"
বিশেষ্য,"
"
বিশেষ্য,"করভাবে
"
বিশেষ্য,"ম
"
বিশেষ্য,"ওয়ানডে
"
বিশেষণ,"ির
"
বিশেষ্য,"নাতনির
"
বিশেষ্য,"ীয়
"
বিশেষ্য,"কে
"
বিশেষণ,"য়
"
বিশেষণ,"ওর
"
বিশেষণ,"
"
বিশেষ্য,"
"
বিশেষ্য,"টাই
"
বিশেষ্য,"ীটি
"
বিশেষ্য,"জীবী
"
বিশেষণ,"ীতেই
"
বিশেষ্য,"াগুলো
"
বিশেষ্য,"সমৃদ্ধ
"
বিশেষণ,"কভাবে
"
বিশেষ্য,"ই
"
বিশেষ্য,"ে
"
বিশেষ্য,"র
"
ক্রিয়া,"লেই
"
বিশেষণ,"
"
বিশেষণ,"
"
বিশেষ্য,"ে
"
বিশেষ্য,"াপরাধীদের
"
ক্রিয়া,"নোর
"
বিশেষ্য,"ে
"
বিশেষ্য,"ুরে
"
বিশেষ্য,"লে
"
বিশেষ্য,"
"
বিশেষ্য,"তুতসিদের
"
বিশেষ্য,"টি
"
বিশেষ্য,"জা
"
বিশেষ্য,"দলটি
"
বিশেষ্য,"কে
"
বিশেষণ,"
"
বিশেষ্য,"দেশের
"
বিশেষ্য,"বোধে
"
বিশেষ্য,"ের
"
বিশেষণ,"
"
বিশেষ্য,"সৌধ
"
বিশেষ্য,"কে
"
বিশেষণ,"
"
বিশেষ্য,"র
"
বিশেষ্য,"তে
"
বিশেষণ,"
"
বিশেষণ,"
"
বিশেষ্য,"
"
বিশেষ্য,"য়
"
বিশেষ্য,"কেও
"
বিশেষ্য,"ের
"
বিশেষ্য,"পদ
"
ক্রিয়া,"র্কের
"
বিশেষণ,"কে
"
বিশেষ্য,"
"
বিশেষণ,"ত্র
"
বিশেষ্য,"
"
বিশেষণ,"
"
বিশেষ্য,"
"
বিশেষ্য,"ে
"
বিশেষ্য,"
"
বিশেষ্য,"সংস্থানে
"
বিশেষ্য,"
"
বিশেষ্য,"
"
বিশেষ্য,"ন
"
বিশেষ্য,"কে
"
বিশেষ্য,"
"
বিশেষ্য,"
"
বিশেষ্য,"ে
"
বিশেষ্য,"দের
"
বিশেষণ,"
"
বিশেষ্য,"র
"
বিশেষ্য,"ে
"
বিশেষ্য,"
"
বিশেষ্য,"সহ
"
ক্রিয়া,"
"
বিশেষ্য,"ককে
"
বিশেষ্য,"
"
বিশেষ্য,"
"
বিশেষ্য,"লকমের
"
বিশেষ্য,"
"
বিশেষ্য,"িন
"
বিশেষ্য,"
"
বিশেষ্য,"
"
বিশেষণ,"
"
বিশেষণ,"রপুর
"
বিশেষ্য,"ফুলছড়ি
"
বিশেষ্য,"্ত্রণহীনভাবে
"
বিশেষ্য,"েও
"
বিশেষণ,"
"
বিশেষ্য,"
"
বিশেষ্য,"র
"
বিশেষ্য,"িয়ের
"
বিশেষ্য,"ীরা
"
বিশেষণ,"তাও
"
বিশেষ্য,"ে
"
বিশেষণ,"ী
"
বিশেষ্য,"র
"
বিশেষ্য,"
"
বিশেষ্য,"কে
"
বিশেষ্য,"াবটিতে
"
বিশেষণ,"্তেরি
"
বিশেষ্য,"িক
"
বিশেষ্য,"বাহী
"
বিশেষ্য,"
"
বিশেষ্য,"ম
"
বিশেষ্য,"
"
বিশেষ্য,"রার
"
বিশেষণ,"ায়
"
বিশেষ্য,"
"
বিশেষ্য,"ঁর
"
বিশেষ্য,"
"
বিশেষ্য,"সহ
"
ক্রিয়া,"
"
বিশেষণ,"তিম
"
বিশেষণ,"েরা
"
বিশেষ্য,"কলিনের
"
বিশেষণ,"তা
"
বিশেষণ,"ওটা
"
বিশেষ্য,"ে
"
বিশেষ্য,"ে
"
বিশেষ্য,"ের
"
বিশেষণ,"ড়িভাবে
"
বিশেষ্য,"টিতে
"
বিশেষ্য,"
"
বিশেষ্য,"স
"
বিশেষ্য,"
"
বিশেষ্য,"ের
"
ক্রিয়া,"
"
বিশেষণ,"র
"
বিশেষণ,"
"
বিশেষণ,"পশুর
"
ক্রিয়া,"তে
"
বিশেষ্য,"য়া
"
বিশেষণ,"
"
বিশেষণ,"িণপাড়ার
"
বিশেষ্য,"
"
বিশেষ্য,"ই
"
বিশেষ্য,"ণ
"
বিশেষ্য,"র
"
বিশেষ্য,"াত্মক
"
বিশেষ্য,"রাই
"
বিশেষ্য,"ও
"
বিশেষ্য,"
"
বিশেষণ,"দের
"
বিশেষণ,"গুলো
"
বিশেষণ,"
"
বিশেষ্য,"ইউএনএর
"
বিশেষ্য,"ী
"
বিশেষ্য,"ে
"
বিশেষ্য,"পুর
"
বিশেষ্য,"ীরা
"
বিশেষ্য,"ের
"
বিশেষ্য,"
"
বিশেষণ,"ত্রই
"
বিশেষ্য,"
"
সর্বনাম,"
"
বিশেষ্য,"
"
বিশেষ্য,"ের
"
বিশেষ্য,"ীয়
"
বিশেষ্য,"ছবির
"
বিশেষ্য,"
"
বিশেষণ,"ীগুলোর
"
বিশেষ্য,"রের
"
বিশেষ্য,"ই
"
বিশেষণ,"ীদের
"
বিশেষ্য,"্রেসেটাও
"
বিশেষণ,"
"
ক্রিয়া,"তে
"
বিশেষ্য,"মতো
"
বিশেষ্য,"র
"
বিশেষণ,"
"
বিশেষ্য,"টিও
"
বিশেষ্য,"ের
"
বিশেষ্য,"
"
বিশেষ্য,"টিকে
"
বিশেষ্য,"
"
বিশেষ্য,"টি
"
বিশেষ্য,"ত
"
বিশেষণ,"
"
বিশেষ্য,"পুতিদের
"
বিশেষ্য,"
"
বিশেষ্য,"ন
"
বিশেষ্য,"্থীর
"
বিশেষ্য,"
"
বিশেষ্য,"
"
বিশেষণ,"ও
"
বিশেষ্য,"হীন
"
বিশেষ্য,"রেসিপি
"
অব্যয়,"
"
ক্রিয়া,"ইতেছিল
"
বিশেষ্য,"েই
"
বিশেষ্য,"ে
"
বিশেষ্য,"তে
"
বিশেষণ,"দের
"
বিশেষ্য,"ে
"
বিশেষ্য,"েরও
"
বিশেষ্য,"
"
বিশেষ্য,"েরকোনটি
"
বিশেষ্য,"ে
"
বিশেষণ,"্পা
"
বিশেষ্য,"কস
"
বিশেষ্য,"শত
"
বিশেষ্য,"িকদের
"
বিশেষ্য,"র
"
বিশেষ্য,"
"
ক্রিয়া,"র
"
বিশেষ্য,"মুখেই
"
বিশেষণ,"
"
বিশেষণ,"ায়িত
"
বিশেষণ,"
"
বিশেষণ,"িণখানের
"
বিশেষ্য,"রাই
"
বিশেষ্য,"া
"
বিশেষ্য,"ী
"
বিশেষ্য,"িরা
"
ক্রিয়া,"লেন
"
বিশেষণ,"
"
বিশেষ্য,"ণমূলক
"
বিশেষ্য,"
"
বিশেষ্য,"
"
বিশেষ্য,"ের
"
সর্বনাম,"
"
বিশেষ্য,"াপর
"
বিশেষ্য,"ও
"
বিশেষ্য,"চারীরাও
"
বিশেষণ,"
"
বিশেষ্য,"পানা
"
বিশেষ্য,"দেশের
"
বিশেষ্য,"কৃত
"
বিশেষ্য,"
"
বিশেষণ,"
"
বিশেষ্য,"ই
"
বিশেষ্য,"
"
বিশেষণ,"ে
"
বিশেষ্য,"য়ও
"
বিশেষণ,"ায়
"
বিশেষ্য,"টিকে
"
বিশেষ্য,"ি
"
বিশেষ্য,"
"
বিশেষণ,"তার
"
বিশেষণ,"
"
বিশেষ্য,"ন
"
বিশেষ্য,"য়ে
"
বিশেষণ,"র
"
বিশেষ্য,"ে
"
বিশেষণ,"
"
বিশেষণ,"
"
বিশেষ্য,"
"
বিশেষ্য,"ী
"
বিশেষ্য,"সী
"
বিশেষ্য,"গুলোতে
"
বিশেষ্য,"রদের
"
ক্রিয়া,"র
"
বিশেষ্য,"ের
"
বিশেষ্য,"র
"
বিশেষ্য,"
"
বিশেষ্য,"টিই
"
বিশেষণ,"
"
বিশেষ্য,"
"
বিশেষণ,"
"
বিশেষ্য,"কে
"
বিশেষ্য,"ী
"
ক্রিয়া,"য়
"
বিশেষণ,"নায়িকা
"
বিশেষ্য,"সহ
"
সর্বনাম,"ব
"
বিশেষ্য,"ের
"
বিশেষ্য,"র
"
বিশেষণ,"
"
বিশেষ্য,"বে
"
বিশেষ্য,"েপড়ে
"
বিশেষ্য,"ড়া
"
বিশেষ্য,"েরও
"
বিশেষ্য,"ও
"
বিশেষ্য,"
"
বিশেষ্য,"
"
বিশেষ্য,"ও
"
বিশেষ্য,"ের
"
বিশেষ্য,"
"
বিশেষণ,"তায়
"
বিশেষ্য,"ের
"
বিশেষ্য,"
"
বিশেষ্য,"গুলোর
"
বিশেষণ,"েরও
"
বিশেষ্য,"সূচিও
"
বিশেষ্য,"য়নে
"
বিশেষ্য,"াই
"
ক্রিয়া,"সহ
"
বিশেষ্য,"
"
বিশেষ্য,"একের
"
বিশেষ্য,"বেএমন
"
বিশেষ্য,"ও
"
বিশেষ্য,"জুড়ে
"
বিশেষ্য,"তেও
"
বিশেষ্য,"তেও
"
বিশেষ্য,"
"
বিশেষ্য,"ও
"
ক্রিয়া,"আঁকি
"
বিশেষ্য,"র
"
বিশেষ্য,"খালী
"
সর্বনাম,"
"
বিশেষ্য,"ে
"
বিশেষ্য,"তে
"
বিশেষ্য,"সএর
"
বিশেষ্য,"ইনি
"
বিশেষ্য,"কে
"
বিশেষ্য,"টা
"
বিশেষণ,"
"
বিশেষ্য,"োয়ারা
"
বিশেষ্য,"যুদিন
"
বিশেষণ,"ি
"
বিশেষ্য,"ি
"
বিশেষ্য,"ই
"
বিশেষ্য,"ীরা
"
বিশেষ্য,"শত্রুতার
"
বিশেষ্য,"ে
"
বিশেষ্য,"াকপি
"
বিশেষ্য,"ববলয়
"
বিশেষ্য,"
"
বিশেষ্য,"ত্বের
"
বিশেষ্য,"
"
বিশেষণ,"
"
বিশেষ্য,"
"
বিশেষ্য,"ে
"
বিশেষ্য,"ার
"
বিশেষ্য,"েই
"
বিশেষণ,"
"
বিশেষণ,"ন্তরি
"
বিশেষ্য,"
"
বিশেষ্য,"
"
বিশেষ্য,"মূল
"
বিশেষ্য,"ক
"
বিশেষ্য,"ার
"
বিশেষ্য,"ে
"
বিশেষ্য,"র
"
বিশেষ্য,"
"
বিশেষণ,"
"
বিশেষ্য,"য়
"
বিশেষ্য,"ে
"
বিশেষ্য,"ষে
"
বিশেষ্য,"
"
বিশেষণ,"
"
বিশেষ্য,"
"
বিশেষ্য,"টিকে
"
বিশেষ্য,"
"
বিশেষ্য,"তাও
"
বিশেষ্য,"
"
বিশেষ্য,"ের
"
বিশেষণ,"
"
বিশেষণ,"
"
বিশেষ্য,"িত
"
বিশেষ্য,"ের
"
বিশেষ্য,"
"
বিশেষ্য,"ায়িত
"
বিশেষ্য,"ীরা
"
বিশেষণ,"রূপে
"
বিশেষ্য,"র
"
বিশেষ্য,"মূলক
"
বিশেষ্য,"ও
"
ক্রিয়া,"
"
বিশেষণ,"ায়ন
"
বিশেষ্য,"ে
"
বিশেষ্য,"
"
বিশেষ্য,"সহ
"
বিশেষ্য,"বোধ
"
বিশেষ্য,"ক
"
ক্রিয়া,"র
"
বিশেষ্য,"
"
বিশেষ্য,"ভবনের
"
বিশেষণ,"িক
"
বিশেষ্য,"ানের
"
বিশেষণ,"রা
"
বিশেষ্য,"ইয়ানই
"
বিশেষ্য,"ের
"
বিশেষ্য,"র
"
বিশেষ্য,"টির
"
বিশেষ্য,"টিক
"
ক্রিয়া,"র্ডসের
"
বিশেষ্য,"
"
বিশেষণ,"
"
বিশেষ্য,"
"
বিশেষ্য,"জঙ্গিবাদ
"
বিশেষ্য,"্রটিকেই
"
বিশেষ্য,"নো
"
বিশেষ্য,"ের
"
বিশেষণ,"
"
বিশেষ্য,"মও
"
বিশেষ্য,"ের
"
বিশেষ্য,"
"
বিশেষ্য,"রায়ণেই
"
বিশেষণ,"রাও
"
বিশেষ্য,"হাল
"
বিশেষণ,"
"
বিশেষণ,"
"
বিশেষ্য,"
"
বিশেষ্য,"য়
"
বিশেষ্য,"েই
"
বিশেষ্য,"ভোট
"
বিশেষ্য,"েই
"
বিশেষ্য,"
"
বিশেষ্য,"শাকিব
"
বিশেষণ,"
"
বিশেষ্য,"সমৃদ্ধ
"
বিশেষ্য,"ও
"
বিশেষ্য,"ী
"
বিশেষ্য,"ণাদি
"
বিশেষ্য,"র
"
বিশেষ্য,"
"
বিশেষ্য,"তা
"
বিশেষ্য,"মূলক
"
বিশেষ্য,"ফে
"
বিশেষ্য,"নটি
"
ক্রিয়া,"তেই
"
বিশেষ্য,"ো
"
বিশেষ্য,"ইল
"
বিশেষ্য,"টি
"
বিশেষ্য,"নারশিপস
"
ক্রিয়া,"
"
বিশেষণ,"ভাবে
"
বিশেষণ,"
"
বিশেষ্য,"িক
"
বিশেষ্য,"পরিবেশের
"
বিশেষ্য,"কে
"
বিশেষ্য,"
"
বিশেষ্য,"গুলোতে
"
বিশেষ্য,"কে
"
বিশেষ্য,"না
"
বিশেষ্য,"জন
"
ক্রিয়া,"রকে
"
বিশেষণ,"িবের
"
বিশেষণ,"
"
বিশেষ্য,"ক
"
বিশেষ্য,"
"
বিশেষ্য,"
"
বিশেষ্য,"িত
"
বিশেষ্য,"
"
বিশেষ্য,"
"
বিশেষ্য,"এ
"
বিশেষ্য,"েরা
"
বিশেষ্য,"ে
"
বিশেষণ,"তাকে
"
বিশেষ্য,"নের
"
বিশেষণ,"্তরাল
"
বিশেষ্য,"াভ
"
বিশেষ্য,"িতে
"
বিশেষ্য,"সহ
"
বিশেষ্য,"টিকে
"
বিশেষ্য,"ী
"
বিশেষ্য,"
"
ক্রিয়া,"ঠা
"
বিশেষ্য,"তা
"
বিশেষ্য,"
"
বিশেষ্য,"ও
"
বিশেষ্য,"
"
বিশেষ্য,"গগুলো
"
বিশেষ্য,"র
"
বিশেষ্য,"ীরাও
"
অব্যয়,"র
"
বিশেষ্য,"ে
"
বিশেষ্য,"য়েঞ্জা
"
বিশেষ্য,"
"
বিশেষণ,"
"
ক্রিয়া,"র
"
বিশেষণ,"ী
"
বিশেষ্য,"
"
বিশেষণ,"
"
বিশেষ্য,"ফুল
"
বিশেষ্য,"ের
"
বিশেষ্য,"ভবন
"
বিশেষ্য,"ুলের
"
বিশেষ্য,"াকে
"
অব্যয়,"ে
"
বিশেষ্য,"
"
বিশেষ্য,"র
"
বিশেষণ,"িটির
"
বিশেষ্য,"স
"
বিশেষ্য,"িক
"
বিশেষ্য,"উলকে
"
বিশেষ্য,"ের
"
বিশেষণ,"কে
"
বিশেষ্য,"দারেরা
"
বিশেষ্য,"েই
"
বিশেষ্য,"দানের
"
বিশেষ্য,"রোড
"
বিশেষ্য,"ায়নেও
"
বিশেষ্য,"ীসাংসদের
"
বিশেষণ,"
"
বিশেষণ,"
"
বিশেষ্য,"দানা
"
বিশেষণ,"
"
বিশেষ্য,"িস্ট
"
বিশেষ্য,"
"
বিশেষণ,"
"
ক্রিয়া,"ন
"
বিশেষ্য,"
"
বিশেষণ,"িতে
"
সর্বনাম,"র
"
বিশেষ্য,"কে
"
বিশেষ্য,"ার
"
বিশেষ্য,"নের
"
বিশেষ্য,"ানুষ্ঠানের
"
বিশেষণ,"তারও
"
বিশেষ্য,"প্রত্যাশীর
"
বিশেষণ,"দলীয়
"
ক্রিয়া,"
"
বিশেষ্য,"
"
বিশেষ্য,"নদিস্তার
"
বিশেষ্য,"বে
"
বিশেষ্য,"
"
বিশেষ্য,"ই
"
বিশেষ্য,"ের
"
বিশেষ্য,"কে
"
বিশেষ্য,"ও
"
বিশেষণ,"
"
বিশেষ্য,"ময়
"
বিশেষ্য,"তে
"
বিশেষণ,"িশীলভাবে
"
অব্যয়,"
"
বিশেষ্য,"
"
বিশেষণ,"
"
সর্বনাম,"
"
বিশেষ্য,"বিদ
"
বিশেষ্য,"ই
"
বিশেষ্য,"েটিংফিন্যান্স
"
বিশেষ্য,"রামে
"
বিশেষ্য,"তসহ
"
বিশেষ্য,"
"
বিশেষ্য,"কে
"
বিশেষ্য,"নে
"
বিশেষণ,"
"
বিশেষণ,"
"
বিশেষ্য,"র
"
বিশেষ্য,"টি
"
বিশেষ্য,"র
"
বিশেষ্য,"র
"
বিশেষ্য,"গুলোয়
"
বিশেষ্য,"
"
বিশেষ্য,"ও
"
বিশেষ্য,"ঘরের
"
বিশেষ্য,"য়েটিভের
"
বিশেষ্য,"িনচীন
"
বিশেষ্য,"ের
"
বিশেষ্য,"ই
"
বিশেষণ,"স্তানি
"
বিশেষ্য,"ট
"
বিশেষ্য,"টা
"
বিশেষ্য,"ও
"
বিশেষণ,"ত্ব
"
বিশেষ্য,"েসাক্ষাৎকার
"
বিশেষ্য,"ই
"
বিশেষণ,"তা
"
বিশেষণ,"াপেক্ষা
"
বিশেষ্য,"ে
"
বিশেষ্য,"হীন
"
বিশেষ্য,"ও
"
বিশেষ্য,"
"
বিশেষণ,"ত্বের
"
বিশেষ্য,"
"
বিশেষ্য,"গুলোতেও
"
বিশেষ্য,"বস্থায়ই
"
বিশেষ্য,"রটি
"
বিশেষ্য,"কর
"
বিশেষ্য,"াবিত
"
বিশেষ্য,"ায়িত
"
বিশেষ্য,"ই
"
বিশেষণ,"
"
বিশেষ্য,"রা
"
বিশেষ্য,"ের
"
বিশেষ্য,"েরও
"
সর্বনাম,"
"
বিশেষণ,"ি
"
বিশেষ্য,"ই
"
বিশেষ্য,"িংরুমেও
"
ক্রিয়া,"না
"
বিশেষ্য,"ের
"
বিশেষ্য,"ে
"
বিশেষণ,"
"
বিশেষ্য,"
"
বিশেষ্য,"ত
"
বিশেষ্য,"ীরা
"
বিশেষ্য,"ণীয়
"
বিশেষ্য,"পাড়া
"
বিশেষ্য,"গুলোর
"
বিশেষ্য,"া
"
বিশেষণ,"দের
"
বিশেষ্য,"কসহ
"
বিশেষ্য,"ক
"
বিশেষ্য,"কভাবে
"
বিশেষ্য,"র
"
বিশেষ্য,"রাও
"
বিশেষণ,"
"
বিশেষ্য,"লি
"
বিশেষণ,"শেষে
"
বিশেষ্য,"
"
ক্রিয়া,"লি
"
বিশেষণ,"ের
"
বিশেষ্য,"সহ
"
বিশেষ্য,"র
"
ক্রিয়া,"নোই
"
বিশেষ্য,"ক
"
বিশেষ্য,"রসেটিই
"
বিশেষ্য,"ের
"
বিশেষ্য,"গুলোর
"
বিশেষ্য,"
"
বিশেষণ,"
"
বিশেষণ,"ত
"
বিশেষ্য,"
"
বিশেষ্য,"র
"
বিশেষ্য,"
"
ক্রিয়া,"য়ে
"
বিশেষণ,"রুঘাট
"
বিশেষ্য,"
"
বিশেষণ,"িরও
"
বিশেষ্য,"কুলাম
"
বিশেষ্য,"ই
"
বিশেষ্য,"শজন
"
অব্যয়,"রএর
"
অব্যয়,"মতো
"
বিশেষ্য,"য়
"
বিশেষ্য,"বৃষ
"
বিশেষ্য,"া
"
অব্যয়,"সহ
"
বিশেষ্য,"য়
"
বিশেষ্য,"টিকে
"
বিশেষ্য,"ই
"
বিশেষণ,"তা
"
বিশেষ্য,"
"
বিশেষ্য,"গুলোতে
"
বিশেষণ,"ি
"
বিশেষ্য,"ংহের
"
বিশেষ্য,"ের
"
বিশেষ্য,"
"
বিশেষ্য,"ণই
"
বিশেষণ,"েরা
"
বিশেষ্য,"রকে
"
বিশেষ্য,"
"
বিশেষ্য,"
"
বিশেষ্য,"ি
"
বিশেষ্য,"
"
বিশেষ্য,"রে
"
বিশেষ্য,"ক
"
বিশেষ্য,"ের
"
বিশেষ্য,"ু
"
বিশেষণ,"তার
"
ক্রিয়া,"
"
বিশেষণ,"
"
বিশেষ্য,"েই
"
বিশেষ্য,"
"
বিশেষ্য,"ে
"
বিশেষ্য,"
"
বিশেষ্য,"ও
"
বিশেষণ,"
"
বিশেষণ,"াগ্রস্ত
"
বিশেষ্য,"ন
"
ক্রিয়া,"নবাড়ি
"
বিশেষ্য,"মতে
"
বিশেষ্য,"য়
"
বিশেষ্য,"কাপই
"
বিশেষ্য,"ের
"
বিশেষ্য,"কে
"
বিশেষ্য,"
"
অব্যয়,"ওয়ায়
"
বিশেষ্য,"ী
"
বিশেষ্য,"য়
"
বিশেষণ,"
"
বিশেষ্য,"ঘাতকতাএ
"
বিশেষ্য,"্থীরাও
"
বিশেষণ,"ি
"
বিশেষণ,"
"
বিশেষ্য,"রুশে
"
বিশেষ্য,"র
"
বিশেষ্য,"ান্ন
"
বিশেষ্য,"ীর
"
বিশেষণ,"
"
বিশেষ্য,"
"
বিশেষণ,"েরা
"
বিশেষ্য,"এ
"
বিশেষণ,"য়াড়ের
"
বিশেষ্য,"তা
"
বিশেষ্য,"ন
"
বিশেষণ,"
"
বিশেষ্য,"য়
"
বিশেষণ,"
"
বিশেষণ,"
"
বিশেষ্য,"াণেই
"
বিশেষ্য,"দের
"
বিশেষ্য,"
"
বিশেষণ,"
"
বিশেষণ,"
"
বিশেষণ,"্প
"
বিশেষ্য,"খালীর
"
বিশেষ্য,"ই
"
অব্যয়,"ভাগে
"
বিশেষ্য,"ই
"
বিশেষ্য,"গুলো
"
বিশেষণ,"
"
বিশেষ্য,"ির
"
বিশেষ্য,"
"
বিশেষণ,"া
"
বিশেষ্য,"কে
"
বিশেষণ,"
"
বিশেষণ,"িও
"
বিশেষ্য,"কালভার্ট
"
বিশেষ্য,"
"
বিশেষ্য,"া
"
বিশেষণ,"
"
বিশেষণ,"ও
"
বিশেষ্য,"র
"
বিশেষ্য,"িকস
"
বিশেষ্য,"কেরের
"
বিশেষ্য,"তে
"
বিশেষ্য,"টিকে
"
বিশেষ্য,"য়া
"
বিশেষ্য,"রোল
"
বিশেষ্য,"খনি
"
বিশেষণ,"
"
বিশেষ্য,"ী
"
বিশেষণ,"ে
"
বিশেষ্য,"া
"
বিশেষ্য,"ন
"
বিশেষ্য,"ল্যান্ডে
"
বিশেষণ,"ই
"
বিশেষণ,"
"
বিশেষ্য,"টা
"
বিশেষণ,"
"
বিশেষ্য,"
"
বিশেষ্য,"য়
"
বিশেষ্য,"
"
বিশেষ্য,"
"
বিশেষ্য,"
"
বিশেষণ,"েই
"
বিশেষ্য,"র
"
বিশেষ্য,"ের
"
বিশেষ্য,"তে
"
বিশেষ্য,"
"
বিশেষ্য,"ে
"
বিশেষ্য,"ধোনা
"
বিশেষ্য,"মেট
"
বিশেষণ,"
"
বিশেষ্য,"লঘুরা
"
বিশেষ্য,"গতভাবে
"
বিশেষ্য,"ের
"
বিশেষ্য,"
"
বিশেষ্য,"দের
"
বিশেষ্য,"র
"
বিশেষ্য,"ন
"
বিশেষ্য,"টা
"
বিশেষ্য,"তে
"
বিশেষণ,"
"
বিশেষ্য,"দল
"
বিশেষ্য,"টি
"
বিশেষ্য,"জম
"
বিশেষণ,"িতের
"
বিশেষ্য,"ের
"
বিশেষ্য,"ার্স
"
বিশেষ্য,"জ
"
বিশেষ্য,"
"
বিশেষণ,"
"
বিশেষ্য,"আলী
"
বিশেষ্য,"র
"
বিশেষ্য,"
"
বিশেষণ,"াহীন
"
ক্রিয়া,"র
"
বিশেষ্য,"ের
"
বিশেষ্য,"ের
"
বিশেষ্য,"ে
"
বিশেষ্য,"ে
"
বিশেষ্য,"কে
"
বিশেষ্য,"কেরাও
"
বিশেষ্য,"
"
বিশেষ্য,"বিদ্যলয়ে
"
বিশেষ্য,"্থীই
"
বিশেষ্য,"ে
"
বিশেষ্য,"র
"
বিশেষ্য,"্ডটি
"
বিশেষ্য,"
"
বিশেষ্য,"টি
"
বিশেষণ,"র
"
বিশেষ্য,"য়েছি
"
বিশেষ্য,"
"
বিশেষ্য,"ের
"
বিশেষণ,"তারোধ
"
বিশেষ্য,"ির
"
বিশেষ্য,"ের
"
ক্রিয়া,"য়
"
বিশেষ্য,"
"
বিশেষ্য,"
"
বিশেষণ,"ভাবে
"
বিশেষ্য,"রজগতে
"
বিশেষ্য,"ট্রিক
"
বিশেষণ,"নেশে
"
বিশেষ্য,"
"
বিশেষ্য,"
"
বিশেষণ,"
"
বিশেষণ,"
"
বিশেষ্য,"ের
"
বিশেষ্য,"ে
"
বিশেষ্য,"ে
"
বিশেষ্য,"ক
"
বিশেষ্য,"শিপ
"
বিশেষ্য,"িচ
"
ক্রিয়া,"কে
"
বিশেষ্য,"্যে
"
বিশেষ্য,"র
"
বিশেষ্য,"
"
বিশেষ্য,"যুহীন
"
বিশেষ্য,"মের
"
বিশেষণ,"
"
বিশেষ্য,"ে
"
বিশেষ্য,"ক্যাল
"
বিশেষ্য,"ীটি
"
বিশেষণ,"তার
"
বিশেষ্য,"টি
"
বিশেষ্য,"য়
"
বিশেষ্য,"য়
"
বিশেষ্য,"ুক
"
বিশেষ্য,"ক
"
বিশেষ্য,"
"
বিশেষ্য,"ত
"
বিশেষণ,"
"
বিশেষ্য,"িত্বগতভাবে
"
ক্রিয়া,"ই
"
বিশেষ্য,"য়
"
বিশেষণ,"বোধ
"
বিশেষ্য,"িঝড়টি
"
বিশেষ্য,"
"
বিশেষণ,"
"
বিশেষ্য,"র
"
বিশেষ্য,"ে
"
বিশেষ্য,"তহীনভাবে
"
বিশেষ্য,"েন
"
বিশেষণ,"
"
বিশেষ্য,"
"
বিশেষ্য,"গুলো
"
ক্রিয়া,"জানকে
"
বিশেষণ,"
"
বিশেষণ,"ূলক
"
বিশেষণ,"বস্থা
"
বিশেষ্য,"য্যার্থে
"
বিশেষ্য,"ে
"
বিশেষ্য,"ধুলার
"
বিশেষণ,"ে
"
বিশেষণ,"
"
ক্রিয়া,"র
"
বিশেষণ,"তাকে
"
বিশেষ্য,"ে
"
বিশেষণ,"
"
বিশেষণ,"থায়
"
বিশেষ্য,"
"
বিশেষণ,"ল
"
বিশেষণ,"কে
"
বিশেষ্য,"ে
"
বিশেষ্য,"ও
"
বিশেষ্য,"গুলোঅ্যাপলে
"
বিশেষণ,"কেট
"
বিশেষ্য,"
"
বিশেষ্য,"
"
বিশেষণ,"বাসো
"
বিশেষ্য,"ের
"
বিশেষণ,"কেই
"
বিশেষ্য,"র
"
বিশেষ্য,"কে
"
বিশেষ্য,"ণে
"
বিশেষ্য,"ূকতা
"
বিশেষণ,"কদের
"
বিশেষ্য,"
"
বিশেষ্য,"কে
"
বিশেষ্য,"ের
"
বিশেষ্য,"যু
"
বিশেষ্য,"ের
"
ক্রিয়া,"দের
"
ক্রিয়া,"
"
বিশেষ্য,"োরাঁগুলো
"
বিশেষ্য,"্রের
"
বিশেষণ,"ত্ব
"
বিশেষ্য,"
"
বিশেষ্য,"
"
বিশেষ্য,"পিছু
"
বিশেষ্য,"ক
"
ক্রিয়া,"গীতে
"
বিশেষ্য,"য়াতির
"
বিশেষণ,"বরণের
"
বিশেষণ,"
"
বিশেষণ,"ট
"
বিশেষ্য,"
"
বিশেষ্য,"ায়িত
"
বিশেষণ,"ায়নের
"
বিশেষ্য,"ন
"
বিশেষণ,"দের
"
বিশেষ্য,"েরই
"
বিশেষণ,"
"
ক্রিয়া,"ন
"
বিশেষণ,"ঙ্গনাদের
"
বিশেষণ,"
"
বিশেষণ,"টা
"
বিশেষ্য,"
"
বিশেষণ,"
"
বিশেষ্য,"
"
বিশেষ্য,"
"
বিশেষ্য,"
"
বিশেষ্য,"রও
"
বিশেষ্য,"া
"
বিশেষণ,"নি
"
বিশেষ্য,"খ
"
বিশেষণ,"তম
"
বিশেষ্য,"ভাবে
"
বিশেষ্য,"িকদের
"
বিশেষ্য,"কাল
"
বিশেষ্য,"কে
"
বিশেষ্য,"
"
বিশেষ্য,"প
"
বিশেষ্য,"ের
"
বিশেষণ,"দের
"
বিশেষণ,"
"
অব্যয়,"ে
"
বিশেষ্য,"মবাটা
"
বিশেষ্য,"তে
"
বিশেষণ,"কে
"
বিশেষ্য,"ের
"
বিশেষ্য,"৷
"
বিশেষ্য,"ে
"
বিশেষ্য,"
"
বিশেষ্য,"ার
"
বিশেষণ,"ভাবেই
"
বিশেষ্য,"গুলি
"
বিশেষ্য,"লঘিষ্ঠকে
"
বিশেষণ,"
"
বিশেষণ,"ই
"
বিশেষ্য,"লি
"
বিশেষণ,"িও
"
ক্রিয়া,"র
"
বিশেষ্য,"ালি
"
বিশেষণ,"িতে
"
বিশেষ্য,"র
"
বিশেষ্য,"
"
বিশেষণ,"
"
বিশেষ্য,"টি
"
বিশেষ্য,"ভাবেই
"
বিশেষ্য,"
"
বিশেষণ,"
"
সর্বনাম,"দের
"
বিশেষ্য,"্থী
"
বিশেষণ,"দের
"
ক্রিয়া,"
"
বিশেষ্য,"কে
"
বিশেষ্য,"াপলিটন
"
বিশেষ্য,"
"
বিশেষ্য,"ে
"
বিশেষ্য,"ংয়ের
"
ক্রিয়া,"র্ডজয়ী
"
বিশেষ্য,"িতে
"
বিশেষ্য,"
"
বিশেষ্য,"র
"
বিশেষ্য,"ের
"
বিশেষ্য,"
"
বিশেষ্য,"লীগকে
"
ক্রিয়া,"বে
"
বিশেষ্য,"ব্যবস্থাটা
"
বিশেষ্য,"ত
"
বিশেষ্য,"ে
"
বিশেষ্য,"ায়িত
"
বিশেষ্য,"ে
"
বিশেষ্য,"র
"
বিশেষ্য,"
"
বিশেষ্য,"রত
"
অব্যয়,"
"
বিশেষ্য,"ও
"
বিশেষ্য,"বোধ
"
বিশেষ্য,"র
"
বিশেষ্য,"ের
"
বিশেষ্য,"রই
"
বিশেষণ,"দ
"
বিশেষণ,"তার
"
বিশেষ্য,"গুলোতে
"
বিশেষ্য,"া
"
বিশেষ্য,"পন্থীদের
"
বিশেষ্য,"লেখিই
"
বিশেষ্য,"েডের
"
বিশেষণ,"ড়ির
"
বিশেষ্য,"র
"
বিশেষ্য,"ভুজ
"
বিশেষণ,"
"
ক্রিয়া,"
"
বিশেষণ,"
"
বিশেষ্য,"োদয়ের
"
বিশেষণ,"েরা
"
বিশেষ্য,"তে
"
বিশেষণ,"আর্সেনিক৷
"
বিশেষণ,"ান্ড
"
বিশেষণ,"
"
বিশেষ্য,"তলা
"
বিশেষ্য,"ে
"
বিশেষণ,"ি
"
বিশেষ্য,"ওয়ারি
"
বিশেষ্য,"ও
"
বিশেষ্য,"
"
বিশেষ্য,"
"
বিশেষ্য,"
"
বিশেষ্য,"ে
"
বিশেষ্য,"ী
"
বিশেষ্য,"েসা
"
বিশেষ্য,"
"
বিশেষ্য,"ন্ত
"
বিশেষণ,"ই
"
বিশেষণ,"
"
বিশেষ্য,"ের
"
বিশেষ্য,"ননিসায়
"
বিশেষ্য,"কাল
"
বিশেষ্য,"সবই
"
বিশেষ্য,"
"
বিশেষ্য,"
"
বিশেষ্য,"
"
বিশেষ্য,"
"
বিশেষণ,"ডেল
"
বিশেষণ,"
"
বিশেষ্য,"কেই
"
বিশেষ্য,"িকদের
"
ক্রিয়া,"
"
বিশেষ্য,"
"
বিশেষ্য,"র
"
বিশেষণ,"ভাবে
"
বিশেষ্য,"ে
"
বিশেষ্য,"তেও
"
বিশেষ্য,"াসহ
"
বিশেষ্য,"
"
ক্রিয়া,"র
"
বিশেষ্য,"জীবীদের
"
বিশেষ্য,"
"
ক্রিয়া,"চ্ছি
"
বিশেষ্য,"ের
"
বিশেষ্য,"শোয়ানে
"
বিশেষণ,"
"
বিশেষ্য,"উইং
"
বিশেষ্য,"নের
"
বিশেষণ,"
"
ক্রিয়া,"ম
"
বিশেষ্য,"ট
"
বিশেষ্য,"ীরা
"
ক্রিয়া,"নায়
"
বিশেষ্য,"নটির
"
বিশেষ্য,"
"
বিশেষ্য,"
"
বিশেষ্য,"
"
বিশেষণ,"ি
"
বিশেষ্য,"
"
বিশেষ্য,"ীরা
"
বিশেষ্য,"ের
"
বিশেষ্য,"ও
"
বিশেষ্য,"ে
"
বিশেষণ,"নি
"
বিশেষ্য,"ক
"
বিশেষ্য,"
"
বিশেষ্য,"গাছ
"
বিশেষ্য,"পন্থী
"
বিশেষ্য,"
"
বিশেষ্য,"কে
"
বিশেষ্য,"কে
"
বিশেষ্য,"লি
"
বিশেষ্য,"
"
ক্রিয়া,"ুল্লাহর
"
বিশেষণ,"তম
"
বিশেষণ,"েন
"
বিশেষ্য,"
"
বিশেষ্য,"রও
"
বিশেষ্য,"টা
"
বিশেষণ,"
"
বিশেষ্য,"ভাগকে
"
বিশেষ্য,"টি
"
বিশেষ্য,"ই
"
বিশেষ্য,"ও
"
বিশেষণ,"ই
"
বিশেষ্য,"য়
"
বিশেষ্য,"ী
"
বিশেষ্য,"
"
বিশেষ্য,"
"
বিশেষ্য,"মোভিচকেও
"
বিশেষণ,"িতে
"
বিশেষ্য,"ই
"
বিশেষ্য,"
"
বিশেষ্য,"ী
"
বিশেষ্য,"
"
বিশেষ্য,"গাড়ির
"
বিশেষণ,"দিনেই
"
বিশেষ্য,"
"
বিশেষ্য,"
"
বিশেষ্য,"তেই
"
বিশেষ্য,"ণটা
"
ক্রিয়া,"রে
"
বিশেষণ,"ে
"
বিশেষ্য,"
"
বিশেষ্য,"াশন
"
বিশেষ্য,"
"
বিশেষ্য,"ী
"
বিশেষ্য,"
"
বিশেষ্য,"ে
"
বিশেষ্য,"নালি
"
বিশেষ্য,"ই
"
বিশেষ্য,"
"
ক্রিয়া,"নো
"
বিশেষ্য,"
"
বিশেষ্য,"েরই
"
বিশেষ্য,"
"
বিশেষ্য,"
"
বিশেষণ,"াও
"
বিশেষ্য,"য়
"
বিশেষ্য,"িপশনের
"
বিশেষ্য,"
"
বিশেষ্য,"ে
"
বিশেষণ,"
"
বিশেষণ,"তাগুলোও
"
বিশেষ্য,"ের
"
বিশেষ্য,"ের
"
বিশেষণ,"তোভাবে
"
বিশেষ্য,"র
"
বিশেষণ,"িহীন
"
বিশেষ্য,"িকা
"
বিশেষ্য,"েরও
"
বিশেষ্য,"শীল
"
বিশেষণ,"র
"
বিশেষণ,"
"
বিশেষ্য,"ি
"
বিশেষ্য,"গাছি
"
বিশেষণ,"উন
"
বিশেষ্য,"সে
"
বিশেষ্য,"র
"
বিশেষ্য,"ের
"
বিশেষ্য,"ী
"
বিশেষ্য,"টি
"
ক্রিয়া,"ম
"
বিশেষণ,"দের
"
বিশেষ্য,"ই
"
বিশেষ্য,"
"
বিশেষ্য,"ি
"
বিশেষ্য,"ান
"
বিশেষ্য,"িপ্রার্থীর
"
বিশেষ্য,"পুরমাঝে
"
ক্রিয়া,"র্ডে
"
বিশেষ্য,"া
"
বিশেষণ,"ক
"
বিশেষ্য,"পুরের
"
বিশেষ্য,"শীষলুচি
"
বিশেষণ,"ে
"
বিশেষণ,"ারাসহ
"
বিশেষ্য,"িয়া
"
বিশেষ্য,"ে
"
বিশেষণ,"িগুলো
"
বিশেষ্য,"িকেরা
"
বিশেষণ,"ি
"
বিশেষ্য,"ীদের
"
বিশেষ্য,"িটি
"
বিশেষণ,"কোত্তর
"
বিশেষণ,"তার
"
বিশেষ্য,"ও
"
বিশেষণ,"
"
বিশেষণ,"ি
"
বিশেষণ,"
"
ক্রিয়া,"নসবার
"
বিশেষ্য,"ঘাট
"
বিশেষ্য,"কে
"
বিশেষ্য,"দের
"
বিশেষ্য,"
"
বিশেষ্য,"গুলোর
"
বিশেষণ,"
"
ক্রিয়া,"ও
"
বিশেষণ,"
"
বিশেষ্য,"কে
"
বিশেষণ,"
"
বিশেষ্য,"
"
ক্রিয়া,"
"
বিশেষ্য,"বুর্গ
"
বিশেষ্য,"েলাল
"
বিশেষ্য,"পথে
"
বিশেষ্য,"ডাঙ্গা
"
বিশেষ্য,"নকেই
"
বিশেষ্য,"ের
"
বিশেষ্য,"ন
"
বিশেষ্য,"এই
"
বিশেষ্য,"তে
"
বিশেষ্য,"নসাস
"
বিশেষ্য,"সহ
"
বিশেষণ,"
"
বিশেষ্য,"ভাষীদের
"
বিশেষ্য,"
"
বিশেষ্য,"া
"
বিশেষ্য,"
"
বিশেষ্য,"র
"
বিশেষ্য,"ামূলক
"
বিশেষ্য,"ের
"
বিশেষ্য,"ী
"
বিশেষ্য,"ী
"
বিশেষ্য,"ে
"
বিশেষ্য,"
"
বিশেষ্য,"সেগুলো
"
বিশেষ্য,"ায়ন
"
বিশেষণ,"ার
"
ক্রিয়া,"দ
"
বিশেষ্য,"
"
বিশেষ্য,"
"
বিশেষ্য,"ের
"
বিশেষ্য,"ও
"
বিশেষ্য,"
"
বিশেষণ,"
"
বিশেষ্য,"গেরঃ
"
বিশেষ্য,"য়
"
বিশেষ্য,"দলের
"
বিশেষ্য,"যুমুখ
"
বিশেষণ,"
"
বিশেষ্য,"িত
"
বিশেষণ,"দের
"
বিশেষ্য,"দলের
"
বিশেষ্য,"ের
"
ক্রিয়া,"র
"
বিশেষ্য,"র
"
বিশেষ্য,"কলা
"
বিশেষ্য,"
"
বিশেষণ,"
"
বিশেষ্য,"ে
"
বিশেষ্য,"ি
"
বিশেষ্য,"ে
"
বিশেষ্য,"ীদ
"
বিশেষ্য,"বাড়ির
"
বিশেষ্য,"ানের
"
বিশেষ্য,"নটিকে
"
বিশেষ্য,"গুলোয়
"
বিশেষ্য,"
"
বিশেষ্য,"ে
"
বিশেষ্য,"কের
"
বিশেষ্য,"
"
বিশেষণ,"
"
বিশেষ্য,"াশয়
"
বিশেষ্য,"ের
"
বিশেষ্য,"
"
বিশেষ্য,"া
"
বিশেষ্য,"র
"
বিশেষ্য,"বাণ
"
বিশেষ্য,"ে
"
বিশেষ্য,"
"
বিশেষ্য,"পথে
"
বিশেষ্য,"ে
"
বিশেষ্য,"এসব
"
বিশেষণ,"ির
"
বিশেষণ,"ণগুলো
"
ক্রিয়া,"
"
বিশেষ্য,"য়ের
"
বিশেষ্য,"জ
"
বিশেষ্য,"
"
বিশেষ্য,"
"
বিশেষ্য,"টা
"
বিশেষ্য,"ীই
"
বিশেষ্য,"বিষয়ক
"
বিশেষ্য,"রচর
"
বিশেষণ,"
"
বিশেষ্য,"ও
"
বিশেষ্য,"নটিকেও
"
বিশেষ্য,"েও
"
বিশেষণ,"ল্যান্সাররা
"
বিশেষণ,"ন্ত
"
বিশেষ্য,"প্রিয়দের
"
বিশেষ্য,"ক
"
ক্রিয়া,"নিয়া
"
বিশেষ্য,"শ
"
বিশেষ্য,"গুলো
"
বিশেষ্য,"ের
"
বিশেষ্য,"করণের
"
বিশেষ্য,"ন
"
বিশেষ্য,"নটা
"
বিশেষ্য,"ে
"
বিশেষণ,"েরা
"
বিশেষ্য,"র
"
বিশেষ্য,"ে
"
বিশেষণ,"এর
"
বিশেষ্য,"ের
"
বিশেষ্য,"ন
"
বিশেষ্য,"কেই
"
বিশেষ্য,"িকভাবেই
"
বিশেষ্য,"
"
বিশেষ্য,"ের
"
বিশেষ্য,"র
"
বিশেষ্য,"গুলো
"
বিশেষ্য,"া
"
বিশেষণ,"তা
"
বিশেষ্য,"
"
বিশেষণ,"ম্বোডিয়া
"
বিশেষ্য,"গুলোর
"
বিশেষ্য,"
"
বিশেষ্য,"ে
"
বিশেষ্য,"া
"
বিশেষণ,"
"
বিশেষ্য,"তারপর
"
বিশেষণ,"
"
বিশেষ্য,"কবি
"
বিশেষ্য,"
"
বিশেষ্য,"টিতে
"
ক্রিয়া,"ইতে
"
বিশেষ্য,"পতন
"
বিশেষণ,"
"
বিশেষণ,"
"
বিশেষ্য,"সহ
"
বিশেষণ,"
"
বিশেষ্য,"াকে
"
বিশেষ্য,"াধিকার
"
বিশেষ্য,"ের
"
বিশেষণ,"
"
ক্রিয়া,"
"
বিশেষ্য,"ককে
"
বিশেষ্য,"ের
"
বিশেষ্য,"রুশের
"
ক্রিয়া,"বে
"
বিশেষ্য,"টি
"
বিশেষ্য,"র
"
বিশেষ্য,"ব্যাঞ্জ
"
বিশেষণ,"িশীল
"
বিশেষ্য,"ে
"
বিশেষ্য,"ারি
"
বিশেষ্য,"্যগুলোর
"
বিশেষ্য,"ঙ্কিত
"
বিশেষ্য,"ক
"
বিশেষ্য,"মান
"
বিশেষ্য,"স
"
বিশেষ্য,"
"
বিশেষণ,"
"
বিশেষণ,"িকতা
"
বিশেষ্য,"ময়
"
বিশেষ্য,"ের
"
সর্বনাম,"
"
বিশেষ্য,"তে
"
বিশেষ্য,"াভাস
"
বিশেষণ,"
"
বিশেষ্য,"্যস্থলে
"
বিশেষ্য,"ে
"
বিশেষ্য,"র
"
বিশেষ্য,"
"
বিশেষ্য,"
"
বিশেষ্য,"দেরও
"
বিশেষ্য,"ার
"
বিশেষ্য,"
"
ক্রিয়া,"র
"
বিশেষ্য,"
"
বিশেষ্য,"র
"
বিশেষ্য,"টা
"
বিশেষণ,"স্থ
"
বিশেষ্য,"পুল
"
বিশেষ্য,"ের
"
বিশেষণ,"ুলী
"
বিশেষ্য,"বের
"
বিশেষ্য,"
"
বিশেষ্য,"র
"
বিশেষণ,"লে
"
বিশেষ্য,"
"
বিশেষ্য,"কাজের
"
বিশেষ্য,"
"
বিশেষ্য,"র
"
বিশেষ্য,"ের
"
বিশেষ্য,"ার
"
বিশেষ্য,"েই
"
ক্রিয়া,"ম
"
বিশেষ্য,"াঞ্চলের
"
বিশেষ্য,"স
"
বিশেষ্য,"ের
"
বিশেষ্য,"ল
"
বিশেষণ,"লডায়াবেটিস
"
বিশেষ্য,"গুলো
"
বিশেষ্য,"
"
বিশেষ্য,"ের
"
বিশেষ্য,"কাতেই
"
বিশেষ্য,"
"
বিশেষ্য,"াবধানের
"
বিশেষণ,"দের
"
বিশেষ্য,"ে
"
বিশেষ্য,"ন
"
বিশেষ্য,"
"
বিশেষ্য,"ত
"
বিশেষ্য,"র
"
বিশেষ্য,"রীও
"
বিশেষ্য,"য়াম
"
ক্রিয়া,"ন্দু
"
বিশেষ্য,"
"
বিশেষ্য,"কে
"
বিশেষ্য,"
"
বিশেষ্য,"
"
বিশেষ্য,"র
"
বিশেষণ,"
"
বিশেষণ,"
"
বিশেষ্য,"ক
"
বিশেষ্য,"া
"
বিশেষ্য,"ের
"
বিশেষ্য,"য়েছে
"
বিশেষ্য,"মারী
"
বিশেষণ,"
"
অব্যয়,"
"
বিশেষ্য,"কে
"
বিশেষ্য,"স্তান
"
বিশেষ্য,"াবলিতে
"
বিশেষণ,"কেও
"
বিশেষ্য,"
"
বিশেষ্য,"স্কাস
"
বিশেষ্য,"ও
"
বিশেষ্য,"ে
"
বিশেষ্য,"ে
"
বিশেষণ,"
"
বিশেষণ,"
"
বিশেষ্য,"র
"
বিশেষ্য,"ী
"
বিশেষ্য,"গুলোকে
"
বিশেষণ,"ির
"
বিশেষ্য,"
"
বিশেষ্য,"ে
"
বিশেষ্য,"কে
"
বিশেষ্য,"
"
বিশেষ্য,"কর
"
বিশেষ্য,"য়ক
"
ক্রিয়া,"ন
"
বিশেষণ,"
"
বিশেষ্য,"ের
"
বিশেষ্য,"কে
"
বিশেষ্য,"গুলো
"
বিশেষণ,"স্তানেও
"
বিশেষণ,"ল্যান্ড
"
ক্রিয়া,"ন
"
বিশেষ্য,"ে
"
বিশেষ্য,"
"
বিশেষ্য,"য়
"
বিশেষ্য,"বর
"
বিশেষ্য,"ী
"
বিশেষণ,"ের
"
বিশেষ্য,"
"
বিশেষণ,"ান
"
বিশেষণ,"
"
বিশেষ্য,"ে
"
বিশেষণ,"
"
বিশেষ্য,"
"
বিশেষ্য,"কা
"
বিশেষণ,"
"
বিশেষ্য,"িয়ারিং
"
বিশেষ্য,"ে
"
বিশেষ্য,"াও
"
বিশেষ্য,"চূড়াদেশে
"
অব্যয়,"ে
"
বিশেষ্য,"বাস
"
বিশেষ্য,"ণে
"
বিশেষ্য,"
"
বিশেষ্য,"টা
"
বিশেষণ,"
"
বিশেষ্য,"
"
বিশেষণ,"ীও
"
অব্যয়,"
"
বিশেষ্য,"কে
"
বিশেষ্য,"ণসিয়াম
"
বিশেষণ,"মোট
"
বিশেষ্য,"ক
"
বিশেষণ,"ান্তেই
"
বিশেষ্য,"ওমিকস
"
বিশেষ্য,"
"
বিশেষ্য,"্কি
"
বিশেষ্য,"কেন
"
বিশেষ্য,"র
"
বিশেষ্য,"ব
"
বিশেষণ,"
"
বিশেষ্য,"ে
"
বিশেষ্য,"ে
"
বিশেষ্য,"কা
"
বিশেষ্য,"নসভার
"
বিশেষ্য,"ের
"
বিশেষ্য,"য়
"
বিশেষণ,"েশ্বরীতে
"
বিশেষ্য,"ে
"
বিশেষ্য,"ের
"
বিশেষ্য,"
"
বিশেষ্য,"র
"
ক্রিয়া,"রচার
"
বিশেষ্য,"
"
বিশেষ্য,"
"
বিশেষণ,"িণীতে
"
বিশেষ্য,"টি
"
বিশেষণ,"
"
অব্যয়,"
"
বিশেষণ,"
"
বিশেষ্য,"ে
"
বিশেষ্য,"েসের
"
বিশেষ্য,"রজনেরা
"
বিশেষণ,"েও
"
বিশেষ্য,"ের
"
বিশেষ্য,"ীততে
"
বিশেষ্য,"
"
বিশেষণ,"ি
"
বিশেষ্য,"গুলোর
"
বিশেষ্য,"ও
"
বিশেষ্য,"র
"
বিশেষণ,"
"
অব্যয়,"
"
বিশেষ্য,"এমন
"
বিশেষ্য,"তে
"
বিশেষ্য,"ে
"
বিশেষ্য,"ল
"
বিশেষ্য,"
"
বিশেষ্য,"
"
বিশেষ্য,"কে
"
বিশেষ্য,"
"
বিশেষণ,"তায়িত
"
বিশেষ্য,"ের
"
বিশেষণ,"
"
বিশেষ্য,"
"
বিশেষ্য,"য়
"
বিশেষ্য,"া
"
বিশেষণ,"ভাবেই
"
বিশেষ্য,"
"
বিশেষ্য,"ের
"
বিশেষণ,"
"
বিশেষ্য,"তে
"
বিশেষ্য,"ে
"
বিশেষ্য,"
"
বিশেষ্য,"ক
"
বিশেষ্য,"ার
"
বিশেষণ,"
"
বিশেষ্য,"য়
"
বিশেষ্য,"া
"
বিশেষণ,"
"
বিশেষ্য,"
"
বিশেষণ,"
"
বিশেষ্য,"ে
"
বিশেষ্য,"
"
বিশেষ্য,"িত
"
বিশেষ্য,"্ত্রণহীন
"
বিশেষ্য,"িত
"
বিশেষণ,"রা
"
সর্বনাম,"র
"
বিশেষ্য,"া
"
বিশেষ্য,"সের
"
বিশেষণ,"
"
বিশেষ্য,"নেও
"
বিশেষ্য,"ধারী
"
বিশেষ্য,"র
"
বিশেষ্য,"ে
"
বিশেষ্য,"ন
"
বিশেষণ,"ক্ষের
"
বিশেষণ,"
"
বিশেষণ,"ি
"
বিশেষ্য,"কেই
"
বিশেষ্য,"
"
বিশেষণ,"গুলোর
"
বিশেষণ,"জারেটরে
"
বিশেষ্য,"কে
"
বিশেষণ,"োক্তি
"
বিশেষণ,"া
"
বিশেষণ,"বক্ষের
"
বিশেষ্য,"সীআজ
"
বিশেষ্য,"িয়ার
"
ক্রিয়া,"ম
"
বিশেষ্য,"নাধ
"
বিশেষণ,"
"
বিশেষ্য,"
"
বিশেষ্য,"ভিযানে
"
বিশেষণ,"
"
বিশেষ্য,"গত
"
বিশেষ্য,"ভর্তি
"
বিশেষ্য,"লো
"
বিশেষণ,"িহীন
"
বিশেষণ,"
"
বিশেষ্য,"ী
"
বিশেষ্য,"ঘাট
"
বিশেষ্য,"ক
"
বিশেষণ,"
"
বিশেষ্য,"শহরে
"
বিশেষ্য,"দেরও
"
বিশেষণ,"সহ
"
বিশেষ্য,"
"
বিশেষ্য,"র
"
ক্রিয়া,"ন্দায়
"
বিশেষণ,"িশীলতায়
"
বিশেষ্য,"ের
"
বিশেষণ,"
"
বিশেষণ,"বাসতে
"
বিশেষ্য,"
"
বিশেষ্য,"তে
"
বিশেষ্য,"গই
"
বিশেষ্য,"োৎসব
"
বিশেষণ,"ণে
"
বিশেষ্য,"ারদের
"
বিশেষ্য,"ে
"
বিশেষ্য,"
"
বিশেষ্য,"বিসুখ
"
বিশেষণ,"বেসেছে
"
বিশেষ্য,"ছড়া
"
বিশেষ্য,"করণ
"
বিশেষ্য,"ি
"
বিশেষণ,"
"
বিশেষ্য,"িকে
"
বিশেষ্য,"
"
বিশেষ্য,"
"
বিশেষ্য,"
"
বিশেষ্য,"রই
"
বিশেষ্য,"র
"
বিশেষণ,"
"
বিশেষণ,"ই
"
বিশেষ্য,"বাদ
"
বিশেষ্য,"
"
বিশেষ্য,"নের
"
বিশেষ্য,"
"
ক্রিয়া,"কে
"
বিশেষ্য,"
"
ক্রিয়া,"
"
বিশেষ্য,"
"
বিশেষ্য,"র
"
বিশেষ্য,"
"
বিশেষ্য,"র
"
বিশেষ্য,"
"
বিশেষ্য,"াহিনীতে
"
বিশেষ্য,"তে
"
বিশেষ্য,"
"
বিশেষণ,"দের
"
বিশেষ্য,"ক
"
বিশেষ্য,"ের
"
বিশেষণ,"ল
"
বিশেষ্য,"যোগে
"
বিশেষণ,"জ্ঞরা
"
ক্রিয়া,"মেডানশেখ
"
বিশেষণ,"তম
"
বিশেষণ,"
"
বিশেষণ,"
"
বিশেষ্য,"
"
ক্রিয়া,"
"
বিশেষ্য,"
"
বিশেষ্য,"বির
"
বিশেষ্য,"
"
বিশেষ্য,"র
"
বিশেষ্য,"ই
"
বিশেষ্য,"ই
"
বিশেষ্য,"য়াছেন
"
বিশেষ্য,"ুসভাকে
"
বিশেষ্য,"রই
"
বিশেষ্য,"ের
"
বিশেষ্য,"
"
বিশেষ্য,"রঙা
"
বিশেষ্য,"বে
"
বিশেষ্য,"ক
"
বিশেষ্য,"ও
"
বিশেষ্য,"ক
"
বিশেষ্য,"লপুর
"
বিশেষ্য,"ল্লেম
"
বিশেষ্য,"র
"
বিশেষ্য,"ত্বের
"
বিশেষণ,"ার
"
বিশেষ্য,"এর
"
সর্বনাম,"্তা
"
বিশেষ্য,"ন
"
বিশেষণ,"দারদের
"
বিশেষণ,"
"
বিশেষ্য,"
"
বিশেষণ,"
"
বিশেষণ,"দের
"
বিশেষণ,"স্তানেরই
"
বিশেষ্য,"য়নে
"
বিশেষ্য,"য়াছিল
"
বিশেষ্য,"রও
"
বিশেষ্য,"ন
"
বিশেষণ,"স্তান
"
বিশেষ্য,"সহ
"
বিশেষ্য,"টাই
"
বিশেষ্য,"টাকে
"
বিশেষ্য,"য়
"
বিশেষ্য,"া
"
বিশেষণ,াস্ত্রস
