Parts of speech,Suffix
বিশেষণ,দার
বিশেষ্য,ী
বিশেষ্য,াণ
বিশেষ্য,া
বিশেষণ,বদ্ধ
বিশেষ্য,ণ
বিশেষ্য,ান্ত
বিশেষ্য,্য
বিশেষ্য,ি
বিশেষ্য,ীন
বিশেষণ,জ্ঞ
বিশেষণ,দার
বিশেষণ,াপরাধ
বিশেষণ,ার্থ
বিশেষণ,ী
বিশেষণ,োদ্বাহ
বিশেষণ,য
বিশেষ্য,ম
বিশেষণ,স
বিশেষণ,া
বিশেষ্য,টি
বিশেষ্য,ত
বিশেষ্য,ম
বিশেষ্য,র
বিশেষ্য,াংশ
বিশেষণ,ি
বিশেষ্য,ার
বিশেষ্য,ি
বিশেষ্য,ীয়
বিশেষ্য,ুণ্ণ
বিশেষ্য,ুব্ধ
বিশেষ্য,োভ
বিশেষ্য,ৌহিণী
বিশেষ্য,য়
বিশেষণ,া
বিশেষ্য,লো
বিশেষ্য,্ত্র
বিশেষ্য,ণ
বিশেষ্য,ীয়
বিশেষ্য,ায়ণ
বিশেষ্য,র
বিশেষ্য,্য
বিশেষ্য,িম
বিশেষ্য,্য
বিশেষ্য,ঘটনপটীয়সী
বিশেষ্য,ন
বিশেষ্য,িত
বিশেষ্য,ী
বিশেষণ,য়
বিশেষ্য,ুট
বিশেষ্য,ুর
বিশেষ্য,িত
বিশেষ্য,ুশ
বিশেষ্য,োপরি
বিশেষ্য,দ
বিশেষ্য,না
বিশেষণ,ি
বিশেষ্য,াবরণ
বিশেষ্য,ার
বিশেষ্য,িরা
বিশেষ্য,ী
বিশেষণ,করণ
বিশেষণ,কার
বিশেষণ,ভূত
বিশেষ্য,ুলি
বিশেষ্য,ুষ্ঠ
বিশেষ্য,ার্থ
বিশেষ্য,ত
বিশেষ্য,িত
বিশেষণ,া
বিশেষণ,দ
বিশেষণ,িদ্র
বিশেষণ,িন্ন
বিশেষণ,েদনীয়
বিশেষণ,েদ্য
বিশেষণ,োদ
বিশেষ্য,া
বিশেষণ,েন্দ্রিয়
বিশেষণ,াত
বিশেষণ,ান
বিশেষণ,েয়
বিশেষ্য,া
বিশেষ্য,কা
বিশেষ্য,িত
বিশেষণ,ি
বিশেষ্য,সহন
ক্রিয়া,র
বিশেষ্য,ক
বিশেষণ,ক
বিশেষণ,ি
বিশেষণ,ি
অব্যয়,ি
বিশেষ্য,নীয়
বিশেষ্য,ি
বিশেষ্য,গোচর
বিশেষ্য,ক
বিশেষ্য,তীয়
বিশেষ্য,্য
বিশেষণ,মৃত
বিশেষণ,িক
বিশেষণ,রণ
বিশেষণ,াংশ
বিশেষণ,্য
বিশেষণ,ৃত
বিশেষণ,্রম
বিশেষণ,্ষিপ্ত
বিশেষণ,্ষেত্র
বিশেষণ,্ষেপ
বিশেষণ,তা
বিশেষ্য,ণ
বিশেষণ,ষ
বিশেষ্য,বাদ
বিশেষ্য,িত
বিশেষ্য,ী
বিশেষ্য,্য
বিশেষণ,ি
বিশেষণ,্ম
বিশেষণ,র
বিশেষণ,ক্রান্ত
বিশেষ্য,য়
বিশেষণ,র
বিশেষণ,োপায়
বিশেষ্য,ক
বিশেষ্য,র
বিশেষণ,া
বিশেষ্য,্য
বিশেষণ,ঙ্ক্ষা
বিশেষ্য,ণ
বিশেষ্য,্য
ক্রিয়া,র
বিশেষ্য,য়
বিশেষণ,ন্ত
বিশেষণ,ার
বিশেষণ,ক
বিশেষণ,ল
বিশেষণ,ষ্কৃত
বিশেষণ,ষ্ট
বিশেষণ,্তি
ক্রিয়া,রি
বিশেষণ,ি
বিশেষ্য,িত
বিশেষণ,ন
বিশেষণ,্য
বিশেষ্য,িত
বিশেষ্য,ত
বিশেষ্য,্য
বিশেষ্য,ত
বিশেষণ,কার
বিশেষ্য,ত
বিশেষণ,ত
বিশেষণ,মন
বিশেষ্য,ত
বিশেষণ,্র
বিশেষণ,হ
বিশেষণ,ার
বিশেষণ,ীবী
বিশেষণ,ীব্য
বিশেষণ,্জ্বল
বিশেষণ,্ঞা
বিশেষ্য,গ্ন
বিশেষণ,কার
বিশেষণ,দিষ্ট
বিশেষণ,পত্তি
বিশেষণ,ম
বিশেষণ,যুক্ত
বিশেষণ,ল
বিশেষ্য,ব্ধি
বিশেষণ,স্হিত
বিশেষণ,াত
বিশেষণ,ান
বিশেষণ,ায়
বিশেষণ,ুঙ্খ
বিশেষণ,ূরক
বিশেষণ,ূর্ব
বিশেষণ,েত
বিশেষণ,্ত
বিশেষণ,্রবেশ
বিশেষণ,্রস্হ
বিশেষ্য,ন
বিশেষ্য,িত
বিশেষণ,্রাস
বিশেষ্য,া
বিশেষ্য,ন
বিশেষ্য,ি
বিশেষ্য,িত
বিশেষ্য,ী
বিশেষ্য,তি
বিশেষ্য,মিক
বিশেষ্য,্যা
বিশেষণ,ম
বিশেষ্য,্য
বিশেষ্য,ীয়
বিশেষণ,্সা
বিশেষণ,ান্ত
বিশেষণ,ণ
বিশেষণ,ি
বিশেষণ,াংশ
বিশেষ্য,িক
বিশেষ্য,য
বিশেষ্য,র
বিশেষ্য,ঙ্গ
বিশেষ্য,া
বিশেষ্য,ত্মা
বিশেষ্য,ল
বিশেষ্য,য়
বিশেষ্য,িত
বিশেষ্য,িন্দ্রিয়
বিশেষ্য,ীপ
বিশেষ্য,ীয়
বিশেষ্য,্গত
বিশেষ্য,্গূঢ়
বিশেষ্য,্গৃহ
বিশেষ্য,্গ্লানি
বিশেষ্য,্ঘাত
বিশেষ্য,্জগত্
বিশেষ্য,্জলি
ক্রিয়া,তীয়
বিশেষ্য,্দশন
বিশেষ্য,্দশা
বিশেষ্য,্দাহ
বিশেষ্য,্দীপন
বিশেষণ,ি
বিশেষ্য,্দেশ
বিশেষ্য,্ধান
বিশেষ্য,্নিবিষ্ট
বিশেষ্য,্নিহিত
বিশেষ্য,্বতী
বিশেষ্য,্বত্নী
বিশেষ্য,্বাণিজ্য
বিশেষ্য,্বাষ্প
বিশেষ্য,্বাস
বিশেষ্য,্বাহী
বিশেষ্য,্বিগ্রহ
বিশেষ্য,্বিপ্লব
বিশেষ্য,্বিবাহ
বিশেষ্য,্বিরোধ
বিশেষ্য,্বেদনা
বিশেষ্য,্ভুক্ত
বিশেষ্য,্ভূত
বিশেষ্য,্ভেদী
বিশেষ্য,্মাধুর্য
বিশেষ্য,্মুখ
বিশেষণ,িতা
বিশেষ্য,্যামী
বিশেষ্য,্লীন
বিশেষ্য,্হিত
বিশেষ্য,স্তল
বিশেষ্য,স্হ
বিশেষ্য,হীন
বিশেষ্য,িক
বিশেষ্য,িম
বিশেষ্য,েবাসী
বিশেষ্য,্য
বিশেষণ,াক্ষরি
বিশেষণ,ানুপ্রাস
বিশেষণ,েষ্টি
বিশেষ্য,্র
বিশেষ্য,কার
বিশেষ্য,িসন্ধি
বিশেষ্য,্র
বিশেষণ,ান্য
বিশেষণ,ায্য
বিশেষ্য,ক্ত
বিশেষণ,ায়
বিশেষণ,ূন
বিশেষণ,োন্য
বিশেষ্য,ত
বিশেষণ,ি
বিশেষণ,িত
বিশেষ্য,ক
ক্রিয়া,ন
বিশেষ্য,া
বিশেষণ,ণ
বিশেষ্য,যু
বিশেষণ,ঙ্মুখ
বিশেষ্য,ত
বিশেষণ,জেয়
বিশেষণ,ধ
বিশেষণ,পর
বিশেষণ,ভূত
বিশেষণ,স্ত
বিশেষ্য,ত
বিশেষ্য,্ন
বিশেষ্য,দর্শী
বিশেষ্য,ন
বিশেষ্য,ী
বিশেষণ,া
বিশেষণ,া
বিশেষণ,ি
বিশেষণ,ি
বিশেষ্য,ণ
বিশেষণ,ান্ত
বিশেষ্য,র্শী
বিশেষণ,েটর
বিশেষণ,েশন
বিশেষ্য,িব
বিশেষ্য,ন
বিশেষ্য,ক
বিশেষ্য,ক
বিশেষ্য,ীয়
বিশেষ্য,দার
বিশেষ্য,স্হ
বিশেষ্য,ন
বিশেষ্য,্য
বিশেষ্য,ী
বিশেষ্য,ন
বিশেষ্য,্য
বিশেষণ,্ষ
বিশেষণ,ি
বিশেষ্য,ণ
বিশেষ্য,দ
বিশেষণ,্ন
বিশেষ্য,িত
বিশেষ্য,্ধ
বিশেষ্য,ুত
বিশেষ্য,ন
বিশেষ্য,ঙ্গিক
বিশেষণ,ি
বিশেষ্য,্ত
বিশেষ্য,্ঠন
বিশেষণ,া
বিশেষ্য,ণ
বিশেষ্য,ন
বিশেষ্য,ু
বিশেষণ,র
বিশেষণ,া
বিশেষ্য,া
বিশেষ্য,ায়ন
বিশেষ্য,নীয়
বিশেষ্য,ন
বিশেষণ,ভূত
বিশেষ্য,ন
বিশেষ্য,পন
বিশেষ্য,্ন
বিশেষ্য,পিত
বিশেষ্য,য়ী
বিশেষ্য,ই
বিশেষণ,্য
বিশেষণ,র
বিশেষণ,্প
ক্রিয়া,র
বিশেষণ,াত
বিশেষণ,েয়
বিশেষ্য,িত
বিশেষ্য,ন
অব্যয়,শ
বিশেষ্য,িত
বিশেষ্য,জ্য
বিশেষ্য,স্ত
বিশেষ্য,াস
বিশেষ্য,ীয়
বিশেষ্য,ত
বিশেষণ,ি
বিশেষণ,্য
ক্রিয়া,র
বিশেষণ,ীভাব
বিশেষণ,ণ
বিশেষ্য,্য
বিশেষণ,ি
বিশেষণ,ুর
বিশেষণ,া
বিশেষণ,া
ক্রিয়া,ত্মক
বিশেষ্য,ী
বিশেষ্য,ণ
বিশেষণ,া
বিশেষ্য,ন
বিশেষ্য,ন
বিশেষ্য,না
বিশেষণ,ি
বিশেষণ,ি
বিশেষ্য,াপ
বিশেষ্য,র
সর্বনাম,র
বিশেষ্য,ক
বিশেষ্য,র
বিশেষ্য,ত্মা
বিশেষ্য,বতী
বিশেষ্য,য়
বিশেষ্য,ল
বিশেষ্য,ক
বিশেষ্য,ন
বিশেষ্য,ীয়
বিশেষ্য,ভ
বিশেষণ,ি
বিশেষণ,্র
বিশেষ্য,াক্ষর
বিশেষণ,িত
বিশেষ্য,া
সর্বনাম,্ত
বিশেষ্য,িত
বিশেষ্য,দন্ডী
বিশেষ্য,ীয়
বিশেষ্য,িষ
বিশেষ্য,াতক
বিশেষ্য,াক্ত
বিশেষ্য,ান
বিশেষ্য,ীকরণ
বিশেষণ,র্থ
বিশেষ্য,্য
বিশেষণ,া
বিশেষ্য,কাণ্ড
বিশেষ্য,ীয়
বিশেষ্য,িড
বিশেষ্য,্রা
বিশেষ্য,্য
বিশেষ্য,াত্
বিশেষ্য,ান্তর
বিশেষ্য,াপত্তি
বিশেষ্য,র
বিশেষ্য,িত
বিশেষ্য,ী
বিশেষ্য,ে
বিশেষ্য,োদ্ঘাটন
বিশেষ্য,োদ্ভেদ
বিশেষ্য,োপপত্তি
বিশেষ্য,্য
বিশেষণ,ত্
বিশেষ্য,ণ
বিশেষ্য,িত
বিশেষ্য,্মী
বিশেষ্য,্য
বিশেষ্য,ুষ
বিশেষণ,ি
বিশেষ্য,র
বিশেষ্য,ী
বিশেষণ,ি
বিশেষণ,ন
বিশেষ্য,ত্থ
বিশেষ্য,ামা
বিশেষণ,ি
বিশেষ্য,ারূঢ়
বিশেষ্য,ারোহণ
বিশেষ্য,িনী
বিশেষ্য,ত
বিশেষ্য,িয়
বিশেষ্য,া
বিশেষ্য,ী
বিশেষ্য,ন
বিশেষ্য,্র
বিশেষণ,য
বিশেষ্য,ী
বিশেষ্য,ি
বিশেষ্য,ুষ্ট
বিশেষ্য,ন
বিশেষণ,ন
বিশেষণ,িত
বিশেষ্য,িত
বিশেষ্য,িক
ক্রিয়া,রণ
বিশেষ্য,ু
বিশেষ্য,্য
বিশেষ্য,ক
বিশেষ্য,োপল
বিশেষ্য,র
বিশেষ্য,স্পশ্য
বিশেষ্য,ি
বিশেষ্য,ু
বিশেষ্য,োদয়
বিশেষ্য,োন্মুখ
বিশেষ্য,্যান
বিশেষ্য,্র
বিশেষ্য,ী
বিশেষণ,ক
বিশেষ্য,োপচার
বিশেষণ,ালোক
বিশেষণ,ন্দ
বিশেষ্য,্য
বিশেষ্য,ু
বিশেষ্য,কৃত
বিশেষণ,ণ
বিশেষ্য,া
বিশেষণ,ি
বিশেষ্য,িক
বিশেষ্য,ত
বিশেষণ,িস্হাপক
বিশেষ্য,র
বিশেষণ,ীকৃত
বিশেষ্য,িকা
বিশেষণ,া
বিশেষ্য,ক
বিশেষ্য,িক
বিশেষ্য,ক
বিশেষ্য,ত্র
বিশেষ্য,নো
ক্রিয়া,ড়া
বিশেষ্য,া
ক্রিয়া,নো
বিশেষ্য,ু
বিশেষ্য,ানো
বিশেষ্য,ি
বিশেষ্য,ন
বিশেষ্য,িত
বিশেষ্য,ণ
বিশেষ্য,া
বিশেষ্য,ো
বিশেষ্য,ক
বিশেষ্য,ি
বিশেষ্য,সি
বিশেষণ,মাণ
বিশেষণ,মক
বিশেষ্য,িক
বিশেষণ,নো
বিশেষণ,ী
বিশেষ্য,ন
বিশেষ্য,ার
বিশেষ্য,িক
বিশেষ্য,িরস
বিশেষ্য,োট
ক্রিয়া,ন
বিশেষ্য,্য
অব্যয়,দক
ক্রিয়া,নো
বিশেষ্য,া
বিশেষ্য,িপিছাড়ি
বিশেষ্য,ু
বিশেষ্য,া
বিশেষ্য,ম
বিশেষ্য,নো
বিশেষ্য,ই
বিশেষ্য,ঠেকা
বিশেষ্য,না
বিশেষ্য,ল
বিশেষণ,ি
বিশেষণ,াদর
বিশেষ্য,্শ
বিশেষণ,াধীন
বিশেষণ,ানুশাসন
বিশেষণ,াপরাধ
বিশেষণ,াভিমান
ক্রিয়া,ম
বিশেষণ,াশ্রয়
বিশেষণ,িক
বিশেষণ,ীকরণ
বিশেষণ,ীকরণ
বিশেষণ,ীয়
বিশেষ্য,ি
বিশেষণ,োপম
বিশেষণ,া
বিশেষণ,ি.কাল
বিশেষ্য,ক
বিশেষ্য,ক
বিশেষণ,্মিক
বিশেষ্য,চ
বিশেষ্য,স
বিশেষ্য,ক
বিশেষ্য,িক
বিশেষ্য,ক
বিশেষ্য,ি
বিশেষণ,মিক
বিশেষ্য,িক
বিশেষণ,িক
বিশেষণ,্য
বিশেষণ,িক
ক্রিয়া,তিক
বিশেষ্য,স্তে
বিশেষ্য,ি
বিশেষ্য,্নিক
বিশেষ্য,ন
বিশেষ্য,া
বিশেষণ,ায়ন
বিশেষণ,কান
ক্রিয়া,ন
বিশেষ্য,া
বিশেষ্য,ন
বিশেষণ,ক
বিশেষ্য,ন
বিশেষ্য,ন
বিশেষণ,ক
বিশেষণ,্ত
বিশেষণ,ি
বিশেষ্য,ন
বিশেষ্য,ক
বিশেষণ,ক
বিশেষ্য,ি
বিশেষ্য,ণ
বিশেষণ,র
বিশেষ্য,নো
বিশেষ্য,র
বিশেষণ,িক
বিশেষণ,িম
বিশেষ্য,ক
বিশেষ্য,া
বিশেষ্য,স
বিশেষণ,ব
বিশেষণ,ি
বিশেষ্য,ক
বিশেষণ,িক
বিশেষণ,ক
বিশেষণ,া
বিশেষ্য,ক
বিশেষ্য,া
বিশেষ্য,ো
বিশেষ্য,ন
বিশেষ্য,ন
বিশেষণ,ি
বিশেষ্য,িত
বিশেষণ,ানা
বিশেষণ,াবল
বিশেষণ,িন
বিশেষণ,ীর্ণ
বিশেষণ,ৃত
বিশেষ্য,ন
বিশেষ্য,য়ী
বিশেষণ,্
বিশেষ্য,্য
বিশেষণ,ি
বিশেষ্য,ী
বিশেষণ,ি
বিশেষ্য,ন
বিশেষ্য,মিকড়ি
বিশেষ্য,ণ
বিশেষ্য,িয়ার
বিশেষণ,ং
বিশেষ্য,িয়
বিশেষ্য,ট্রন
বিশেষ্য,ট্রিক
বিশেষ্য,শন
বিশেষ্য,ক
বিশেষ্য,াপত্তি
বিশেষ্য,ি
বিশেষ্য,ল
সর্বনাম,র
বিশেষ্য,িং
বিশেষ্য,োপাসনা
বিশেষ্য,ে
বিশেষণ,কিত
বিশেষণ,ণ্ড
বিশেষণ,রোল
বিশেষণ,শিক্ষা
বিশেষ্য,ঙ্ক্ষা
বিশেষণ,াঙ্গ
বিশেষণ,াটন
বিশেষণ,াবচ
বিশেষণ,াভিলাষ
বিশেষণ,ার
বিশেষ্য,ণ
বিশেষণ,াশয়
বিশেষণ,ৈঃ
অব্যয়,শ্রবা
বিশেষ্য,ত্তা
বিশেষ্য,দ
বিশেষ্য,িত
বিশেষ্য,ি
বিশেষণ,ী
ক্রিয়া,ই
ক্রিয়া,নো
ক্রিয়া,ন
বিশেষণ,ট
বিশেষণ,ণ্ঠ
বিশেষণ,া
বিশেষণ,র্ণ
বিশেষণ,র্ষ
বিশেষণ,ল
বিশেষ্য,িকা
বিশেষ্য,িত
বিশেষণ,িরণ
বিশেষণ,ীর্ণ
বিশেষণ,ীর্তন
বিশেষণ,ুণ
বিশেষণ,ূলিত
বিশেষণ,ত
বিশেষণ,ৃষ্ট
বিশেষ্য,তা
বিশেষণ,োচ
বিশেষণ,্রম
বিশেষণ,্রান্ত
বিশেষণ,্রোশ
বিশেষণ,্ষিপ্ত
বিশেষণ,াঙ্গ
বিশেষ্য,ঙ্গ
বিশেষ্য,ণ
বিশেষ্য,া
ক্রিয়া,কাণ্ড
বিশেষ্য,র
ক্রিয়া,পথ
ক্রিয়া,শা
ক্রিয়া,ষাঢ়া
ক্রিয়া,সঙ্গ
ক্রিয়া,স্য
ক্রিয়া,য়ণ
বিশেষ্য,ীয়
বিশেষ্য,োষ্ঠ
বিশেষ্য,মান
বিশেষণ,ন
বিশেষ্য,সু
বিশেষ্য,ঙ্গ
বিশেষ্য,ন্ন
বিশেষ্য,ব
বিশেষ্য,র্গ
বিশেষ্য,ন
বিশেষ্য,াদন
বিশেষ্য,ার
বিশেষ্য,াহ
বিশেষ্য,িক্ত
বিশেষ্য,িচ্যমান
বিশেষ্য,ুক
বিশেষ্য,ৃজন
বিশেষ্য,ৃষ্ট
বিশেষণ,া
বিশেষণ,ী
বিশেষণ,ন
বিশেষ্য,্য
বিশেষ্য,ন
বিশেষ্য,ন
বিশেষ্য,ন
বিশেষ্য,ু
বিশেষ্য,গ্ন
বিশেষ্য,ল
বিশেষ্য,ন
বিশেষ্য,ক্ত
বিশেষ্য,িক্ত
বিশেষ্য,েক
বিশেষ্য,ুরে
বিশেষণ,া
বিশেষ্য,ন
বিশেষ্য,ার
বিশেষ্য,য়
ক্রিয়া,ত
বিশেষণ,ি
বিশেষ্য,তু
বিশেষ্য,ন
বিশেষ্য,্র
বিশেষ্য,ক
অব্যয়,ণ
বিশেষ্য,্ট
বিশেষ্য,ী
বিশেষ্য,ংস
বিশেষণ,্ন
বিশেষ্য,ণ
বিশেষ্য,িত
বিশেষণ,াপন
বিশেষণ,িত
বিশেষ্য,্য
বিশেষ্য,ন
বিশেষ্য,ন
বিশেষ্য,ো
বিশেষ্য,া
বিশেষ্য,ীষ
অব্যয়,র
বিশেষ্য,ী
বিশেষণ,ার
বিশেষণ,র
বিশেষ্য,্থ
বিশেষ্য,তি
বিশেষ্য,ার
বিশেষ্য,দোক্কা
বিশেষ্য,ে
বিশেষ্য,ড
বিশেষ্য,য
বিশেষ্য,ক
বিশেষ্য,পদ্য
বিশেষ্য,ক
বিশেষণ,জালিক
বিশেষণ,িলা
বিশেষণ,িয়ক
বিশেষণ,ী
বিশেষণ,ি
বিশেষ্য,য
বিশেষ্য,ক
বিশেষ্য,িক
বিশেষ্য,িক
বিশেষ্য,িক
বিশেষ্য,ক
বিশেষ্য,িক
বিশেষ্য,াগ্নি
বিশেষণ,র
বিশেষ্য,ণ
বিশেষ্য,ত
বিশেষ্য,র
বিশেষ্য,োল
বিশেষ্য,াল
বিশেষ্য,পানা
বিশেষ্য,প
বিশেষ্য,ী
বিশেষ্য,ুস
বিশেষ্য,ত্
বিশেষ্য,র
বিশেষ্য,রি
বিশেষ্য,সাগর
বিশেষণ,র
বিশেষ্য,র
বিশেষ্য,্প
বিশেষ্য,ল
বিশেষ্য,ু
বিশেষ্য,র
বিশেষ্য,ি
বিশেষ্য,ী
বিশেষ্য,ক্ষ
বিশেষ্য,ী
বিশেষ্য,ু
বিশেষ্য,কর
বিশেষ্য,গুঁড়ি
বিশেষণ,ী
বিশেষ্য,ী
বিশেষ্য,ার
বিশেষ্য,ার
বিশেষ্য,য়
বিশেষ্য,ি
বিশেষ্য,্ত
বিশেষ্য,া
বিশেষণ,া
বিশেষ্য,শ
বিশেষ্য,াট
বিশেষ্য,ান্তর
বিশেষ্য,িকা
বিশেষ্য,র
বিশেষ্য,েজপ
অব্যয়,ারক
বিশেষ্য,ক
বিশেষ্য,কার
বিশেষ্য,ধারয়
বিশেষ্য,ীয়
বিশেষ্য,াকর্ম
বিশেষ্য,াধ্যক্ষ
বিশেষ্য,ানুবন্ধ
বিশেষ্য,ানুরূপ
বিশেষ্য,ান্তর
বিশেষ্য,ার
বিশেষ্য,্হ
বিশেষ্য,িষ্ঠ
বিশেষ্য,ী
বিশেষ্য,েন্দ্রিয়
বিশেষ্য,ী
বিশেষ্য,প
বিশেষ্য,ন
বিশেষণ,্ষয়
বিশেষ্য,া
বিশেষণ,ান
বিশেষ্য,াণ
বিশেষণ,া
বিশেষণ,োল
বিশেষ্য,ক
বিশেষ্য,ি
বিশেষ্য,ই
বিশেষ্য,ড়া
বিশেষ্য,ন
বিশেষ্য,র
বিশেষ্য,োল
বিশেষ্য,ুড়
বিশেষ্য,চুয়া
বিশেষ্য,া
বিশেষ্য,ি
বিশেষ্য,জ
বিশেষ্য,লি
অব্যয়,তুয়া
ক্রিয়া,নো
ক্রিয়া,রি
বিশেষ্য,ম
বিশেষ্য,য়া
ক্রিয়া,র
ক্রিয়া,্য
ক্রিয়া,রি
বিশেষ্য,া
বিশেষ্য,ার
বিশেষ্য,ন
বিশেষ্য,ী
বিশেষণ,র
বিশেষ্য,ী
বিশেষণ,িনী
বিশেষ্য,ই
বিশেষ্য,চ
বিশেষ্য,ড়া
বিশেষ্য,ার
বিশেষ্য,ি
বিশেষণ,ন
বিশেষণ,র্প
বিশেষণ,া
বিশেষ্য,ক
বিশেষণ,ষ
বিশেষ্য,ডি
বিশেষ্য,ব
বিশেষ্য,চিনি
বিশেষ্য,র
বিশেষ্য,ি
বিশেষ্য,ী
বিশেষ্য,্দীপক
বিশেষণ,িত
বিশেষণ,ুন
বিশেষণ,ব
বিশেষ্য,কর
বিশেষ্য,কা
বিশেষ্য,কুরি
বিশেষ্য,গর
বিশেষ্য,ত
বিশেষ্য,ণিক
বিশেষ্য,ণ্য
বিশেষণ,ি
বিশেষণ,্য
বিশেষণ,কাল
বিশেষণ,গুরু
বিশেষণ,জিন
বিশেষণ,জ্বর
বিশেষ্য,িক
বিশেষণ,নো
বিশেষণ,ন্তক
বিশেষণ,ন্তর
বিশেষণ,পানি
বিশেষণ,পাহাড়
বিশেষণ,পেড়ে
বিশেষণ,মুখ
বিশেষণ,ি
বিশেষণ,শৌচ
বিশেষ্য,ক
বিশেষণ,া
বিশেষ্য,দহ
বিশেষ্য,দাস
বিশেষ্য,নী
বিশেষ্য,ন্দী
বিশেষ্য,মা
বিশেষ্য,য়া
বিশেষণ,চিত
বিশেষণ,য়াত
বিশেষণ,য়ার
বিশেষ্য,া
বিশেষ্য,সন
বিশেষ্য,িকা
বিশেষ্য,ি
বিশেষণ,বিমূঢ়
অব্যয়,রা
বিশেষণ,ষ
বিশেষ্য,কা
বিশেষ্য,ি
বিশেষ্য,ি
বিশেষ্য,রু
বিশেষ্য,া
বিশেষ্য,ুলি
বিশেষ্য,্র
বিশেষণ,া
বিশেষ্য,র
বিশেষ্য,ল
বিশেষ্য,পাটি
বিশেষ্য,ল
বিশেষ্য,কুড়
বিশেষ্য,চি
বিশেষ্য,বা
বিশেষ্য,ি
বিশেষ্য,ুরমুড়ুর
বিশেষ্য,ল
অব্যয়,াপি
বিশেষণ,ি
বিশেষ্য,কা
বিশেষ্য,ল
বিশেষ্য,র
বিশেষ্য,ুলি
বিশেষ্য,্য
বিশেষণ,ষ
বিশেষণ,ি
বিশেষ্য,য়
বিশেষ্য,য
বিশেষ্য,না
বিশেষ্য,ু
বিশেষণ,ি
বিশেষ্য,ি
বিশেষ্য,ণা
বিশেষ্য,ী
বিশেষ্য,কা
বিশেষ্য,ক
বিশেষ্য,র্ণ
বিশেষ্য,ীপাক
বিশেষ্য,ীর
বিশেষণ,ি
বিশেষ্য,মা
বিশেষ্য,চি
বিশেষ্য,ন্দ
বিশেষ্য,িনী
বিশেষ্য,ুল
বিশেষ্য,ণ
বিশেষ্য,শ
বিশেষণ,ব
বিশেষ্য,ী
বিশেষ্য,ান
বিশেষ্য,্ভ
বিশেষ্য,া
বিশেষণ,ি
বিশেষণ,কৌশল
বিশেষণ,ত
বিশেষণ,ি
বিশেষ্য,.বাস
বিশেষ্য,ক
বিশেষ্য,া
বিশেষণ,য
বিশেষ্য,ম
বিশেষণ,স্ন
বিশেষ্য,ণ
বিশেষণ,ি
বিশেষ্য,লি
বিশেষণ,ঙ্কার
বিশেষ্য,ণ
বিশেষ্য,মত
বিশেষ্য,র
বিশেষ্য,স
বিশেষ্য,ড়া
বিশেষ্য,স
ক্রিয়া,ল
বিশেষ্য,চ
বিশেষণ,ল
বিশেষণ,স
বিশেষ্য,মার্শাল
বিশেষ্য,শিপ
বিশেষ্য,ক
বিশেষ্য,হল
বিশেষ্য,গার
বিশেষ্য,ধ্যক্ষ
বিশেষ্য,ী
বিশেষ্য,ক
বিশেষ্য,লিশন
বিশেষ্য,শিয়া
বিশেষ্য,্য
বিশেষ্য,ী
বিশেষ্য,েয়
বিশেষ্য,ী
বিশেষ্য,সুল
বিশেষ্য,্টেন
বিশেষ্য,োর
বিশেষ্য,েলক
বিশেষণ,ি
বিশেষ্য,ি
বিশেষ্য,্তা
বিশেষ্য,্র
বিশেষ্য,িয়
বিশেষ্য,ী
বিশেষণ,তা
বিশেষণ,া
বিশেষ্য,িত
বিশেষ্য,ীয়
বিশেষ্য,াব্ধি
বিশেষ্য,িকা
বিশেষ্য,োদ
বিশেষ্য,প্র
বিশেষ্য,ী
বিশেষ্য,্তা
বিশেষণ,ন
বিশেষ্য,ি
বিশেষণ,র
বিশেষ্য,মাটি
বিশেষ্য,শ
বিশেষ্য,ি
বিশেষ্য,ই
বিশেষ্য,ঞ্চি
ক্রিয়া,ল
বিশেষ্য,ত
বিশেষ্য,ল
বিশেষ্য,জ
বিশেষ্য,স
বিশেষ্য,ি
বিশেষ্য,জুলি
বিশেষ্য,ত্য
বিশেষ্য,ই
বিশেষ্য,ি
বিশেষ্য,নাটি
বিশেষ্য,ি
বিশেষ্য,ল
বিশেষ্য,ি
বিশেষ্য,প
বিশেষণ,য়াড়
বিশেষ্য,ল
বিশেষ্য,া
বিশেষ্য,বন্দ
বিশেষ্য,া
ক্রিয়া,র
বিশেষ্য,মকুচি
বিশেষ্য,র
বিশেষ্য,র
বিশেষণ,ত
বিশেষ্য,ি
বিশেষ্য,া
বিশেষ্য,্র
বিশেষ্য,ন
বিশেষ্য,িকা
বিশেষ্য,িত
বিশেষ্য,া
বিশেষ্য,গড়ি
বিশেষ্য,ক
বিশেষ্য,ী
বিশেষ্য,গোল
বিশেষ্য,া
বিশেষ্য,র
বিশেষ্য,ূষ
বিশেষ্য,ি
বিশেষ্য,ী
বিশেষ্য,ক
বিশেষ্য,র্ব
বিশেষ্য,লি
বিশেষ্য,ী
বিশেষ্য,েন্দ্রিয়
বিশেষ্য,েশ্বরী
বিশেষ্য,োপজীবী
বিশেষণ,টা
বিশেষ্য,ষ
বিশেষণ,বেদী
বিশেষণ,া
বিশেষ্য,য়া
বিশেষ্য,মান্
বিশেষ্য,ন
বিশেষ্য,ানি
বিশেষ্য,গুঁই
বিশেষ্য,য়া
বিশেষণ,িনী
বিশেষণ,েয়
বিশেষ্য,ী
বিশেষ্য,ন
বিশেষ্য,নো
বিশেষ্য,চা
বিশেষ্য,ত
বিশেষ্য,ম
বিশেষ্য,ি
বিশেষ্য,ের
বিশেষ্য,ন
বিশেষ্য,রন
বিশেষ্য,রা
বিশেষ্য,িত
বিশেষ্য,গুড়
অব্যয়,ি
বিশেষ্য,া
বিশেষ্য,কেশ
বিশেষ্য,ি
বিশেষ্য,ুম
বিশেষণ,ক
বিশেষ্য,ত
বিশেষ্য,ি
বিশেষ্য,া
বিশেষ্য,ন
বিশেষ্য,া
বিশেষ্য,িত
বিশেষ্য,ি
বিশেষণ,ক
বিশেষণ,ার্থ
বিশেষণ,ৈষণা
বিশেষ্য,ত
বিশেষ্য,ি
বিশেষ্য,বাজ
বিশেষ্য,ামিল
বিশেষ্য,া
ক্রিয়া,র
বিশেষণ,া
বিশেষ্য,লো
বিশেষ্য,া
বিশেষ্য,লি
বিশেষ্য,ে
বিশেষ্য,ঙ্গনা
বিশেষ্য,ল
বিশেষ্য,ভোগ
বিশেষণ,্ত
বিশেষ্য,্ধন
বিশেষ্য,া
বিশেষ্য,ধাঁধা
বিশেষ্য,প
বিশেষ্য,জাম
বিশেষ্য,পাশ
বিশেষ্য,ম
বিশেষ্য,র্ধ
বিশেষ্য,লো
বিশেষ্য,ী
বিশেষ্য,ন
বিশেষ্য,াকি
বিশেষ্য,সারং
বিশেষণ,াগার
বিশেষণ,াবলি
বিশেষণ,ি
বিশেষ্য,ক
বিশেষণ,ী
বিশেষ্য,ণ
বিশেষ্য,াচার্য
বিশেষ্য,াণু
বিশেষ্য,ীতা
বিশেষ্য,োফোন
বিশেষ্য,্য
বিশেষ্য,্য
বিশেষ্য,ি
বিশেষ্য,ন
বিশেষ্য,ঞ্চি
বিশেষ্য,য়াল
বিশেষ্য,া
বিশেষ্য,কর্ণ
বিশেষ্য,ঘর
বিশেষ্য,ধ্বনি
বিশেষ্য,পথ
বিশেষ্য,ি
বিশেষ্য,েশ্বর
বিশেষ্য,নো
ক্রিয়া,নি
বিশেষ্য,র
অব্যয়,ি
বিশেষ্য,বত্
বিশেষ্য,র
বিশেষ্য,ান্ত
বিশেষ্য,াবর্ত
বিশেষ্য,ায়ুধ
বিশেষ্য,িকা
বিশেষ্য,ী
বিশেষ্য,ণ
অব্যয়,ি
বিশেষণ,ধ্যায়
বিশেষ্য,ই
বিশেষ্য,ভাতি
বিশেষ্য,ও
বিশেষ্য,ত্
বিশেষ্য,নো
বিশেষণ,াল
বিশেষণ,িকা
বিশেষণ,ী
বিশেষণ,ু
বিশেষণ,ংশ
বিশেষণ,ঙ্গ
বিশেষণ,শ্ব
বিশেষণ,স্র
বিশেষণ,ানন
বিশেষণ,ালি
বিশেষণ,াশ্রম
বিশেষণ,্গুণ
বিশেষণ,্থ
বিশেষণ,্দশ
বিশেষণ,্দিক
বিশেষণ,্নবতি
বিশেষণ,্বক্ত্র
বিশেষণ,্বর্গ
বিশেষণ,্বর্ণ
বিশেষণ,্বিংশ
বিশেষণ,্বিধ
বিশেষণ,্বেদ
বিশেষণ,্ভুজ
বিশেষণ,্মুখ
বিশেষণ,্যুগ
বিশেষ্য,োণ
বিশেষণ,য়
বিশেষ্য,ংশ
বিশেষ্য,া
বিশেষ্য,াংশু
বিশেষ্য,াতপ
বিশেষ্য,ানন
বিশেষ্য,াপীড়
বিশেষ্য,াবলী
বিশেষ্য,ালোক
বিশেষ্য,াহত
বিশেষ্য,িকা
বিশেষ্য,িমা
বিশেষ্য,োদয়
বিশেষ্য,ার্থ
বিশেষ্য,্র
বিশেষ্য,ী
বিশেষ্য,র
বিশেষ্য,র
বিশেষ্য,ল
বিশেষ্য,নি
বিশেষ্য,মারি
বিশেষ্য,মালা
বিশেষ্য,ামামা
বিশেষ্য,ি
বিশেষ্য,নি
বিশেষ্য,মা
বিশেষ্য,োয়া
বিশেষ্য,ান
ক্রিয়া,ড়
বিশেষ্য,্য
বিশেষণ,ায়ণ
বিশেষ্য,া
ক্রিয়া,টি
ক্রিয়া,ন
বিশেষ্য,ো
বিশেষ্য,ী
বিশেষ্য,া
ক্রিয়া,ক
ক্রিয়া,ন
বিশেষ্য,ি
বিশেষ্য,ো
বিশেষ্য,য়াত
বিশেষ্য,বিড়
বিশেষ্য,িক
বিশেষ্য,িতন
বিশেষ্য,িয়া
বিশেষ্য,কার
বিশেষ্য,ত
বিশেষ্য,র
বিশেষ্য,ক
বিশেষ্য,র্মা
বিশেষ্য,ূট
বিশেষ্য,গুপ্ত
বিশেষ্য,জগত্
বিশেষ্য,তারকা
বিশেষ্য,পরিচালক
বিশেষ্য,ভানু
বিশেষ্য,া
বিশেষ্য,ঙ্কন
বিশেষ্য,নুগ
বিশেষ্য,র্পিত
বিশেষ্য,লংকার
বিশেষ্য,য়ণ
বিশেষ্য,িণী
বিশেষ্য,িত
বিশেষ্য,ীয়মান
বিশেষ্য,ম
বিশেষ্য,নো
বিশেষ্য,ি
বিশেষ্য,ক
বিশেষ্য,ন
বিশেষ্য,ত্তর
বিশেষ্য,ন্ন
বিশেষ্য,ল্লিশ
ক্রিয়া,ড়ি
ক্রিয়া,নো
বিশেষণ,া
ক্রিয়া,বনি
সর্বনাম,ন
বিশেষ্য,ম্যান
বিশেষ্য,্য
বিশেষ্য,া
বিশেষ্য,ই
বিশেষ্য,ি
বিশেষ্য,নকড়া
ক্রিয়া,ছড়ি
ক্রিয়া,নো
বিশেষ্য,ি
বিশেষ্য,শ
বিশেষ্য,োবদ্ধ
বিশেষ্য,া
বিশেষ্য,ন
বিশেষ্য,াতলা
বিশেষ্য,া
বিশেষ্য,া
ক্রিয়া,ন
বিশেষ্য,ো
বিশেষ্য,ম
বিশেষ্য,য়া
বিশেষ্য,স
বিশেষ্য,িক
বিশেষ্য,োগ্য
বিশেষ্য,া
ক্রিয়া,নি
ক্রিয়া,ই
বিশেষ্য,কা
বিশেষ্য,ত
বিশেষ্য,নী
বিশেষ্য,ু
বিশেষ্য,ল
বিশেষণ,জড়ি
বিশেষণ,নো
বিশেষ্য,য়
বিশেষ্য,ণ্য
বিশেষ্য,্দন
বিশেষণ,্র
বিশেষ্য,া
ক্রিয়া,ধিকার
ক্রিয়া,ন্তর
ক্রিয়া,ন্ধ
ক্রিয়া,বচ্ছিন্ন
ক্রিয়া,ষ্টমী
ক্রিয়া,য়তি
বিশেষ্য,িত
বিশেষ্য,ি
বিশেষ্য,াট
বিশেষণ,ি
বিশেষ্য,ক
বিশেষ্য,রা
বিশেষণ,কারু
বিশেষ্য,তি
বিশেষ্য,ব
বিশেষ্য,ড়
বিশেষ্য,া
ক্রিয়া,লো
বিশেষ্য,ণ
বিশেষ্য,িত
বিশেষ্য,ী
বিশেষ্য,ূক
বিশেষণ,্
বিশেষণ,মান
বিশেষ্য,ি
বিশেষণ,ংশ
বিশেষণ,ন্ধ
বিশেষণ,ভিমান
বিশেষ্য,জা
বিশেষ্য,লা
বিশেষ্য,র
বিশেষ্য,ই
বিশেষ্য,তা
বিশেষ্য,র
বিশেষ্য,জুরি
বিশেষ্য,ত
বিশেষ্য,ক
বিশেষ্য,বোট
বিশেষ্য,ম
বিশেষ্য,য়াত
ক্রিয়া,ত
ক্রিয়া,ন
বিশেষ্য,ো
ক্রিয়া,ফ
ক্রিয়া,নো
ক্রিয়া,রত
বিশেষ্য,াধিক
বিশেষ্য,াশঙ্কা
বিশেষ্য,ী
বিশেষণ,য়
বিশেষ্য,োপায়
বিশেষ্য,্ত
বিশেষ্য,্মুক্ত
বিশেষ্য,্মৃত
বিশেষ্য,স
বিশেষণ,ক
বিশেষ্য,ত্সু
বিশেষ্য,ম
ক্রিয়া,নো
বিশেষ্য,র
বিশেষ্য,া
বিশেষণ,তাড়া
বিশেষণ,তালি
বিশেষণ,শব্দ
বিশেষণ,ব্য
বিশেষণ,া
বিশেষণ,ি
বিশেষ্য,াঙ্কুর
বিশেষ্য,াঞ্জন
বিশেষ্য,াতীত
বিশেষ্য,ী
বিশেষ্য,েন্দ্রিয়
বিশেষ্য,োদয়
বিশেষ্য,্ত
ক্রিয়া,নো
বিশেষ্য,া
বিশেষ্য,নি
বিশেষ্য,নো
বিশেষ্য,মালিনী
বিশেষ্য,মুখ
বিশেষ্য,ী
বিশেষ্য,ময়ী
বিশেষ্য,িত
বিশেষ্য,কেট
বিশেষ্য,ঠা
বিশেষ্য,ন্ত
বিশেষ্য,মিতি
বিশেষ্য,ল
বিশেষ্য,ষ
বিশেষ্য,্ক
বিশেষ্য,্টোম
বিশেষ্য,ী
বিশেষ্য,া
বিশেষ্য,ট
বিশেষ্য,ক
বিশেষ্য,ড়া
বিশেষ্য,া
বিশেষ্য,ি
বিশেষ্য,গুড়
বিশেষ্য,া
বিশেষ্য,ি
বিশেষ্য,টা
বিশেষ্য,তাল
বিশেষ্য,া
বিশেষ্য,ন
বিশেষ্য,ো
বিশেষ্য,ি
বিশেষ্য,ন
বিশেষ্য,া
বিশেষ্য,ু
বিশেষ্য,ি
বিশেষ্য,া
ক্রিয়া,ন্দা
বিশেষ্য,ন
বিশেষ্য,া
বিশেষ্য,শাল
বিশেষ্য,া
বিশেষ্য,ার
বিশেষ্য,ি
বিশেষ্য,রা
বিশেষ্য,ট
বিশেষ্য,টাকি
বিশেষণ,জ
বিশেষ্য,স
বিশেষ্য,ি
বিশেষ্য,রি
বিশেষ্য,ন
বিশেষ্য,লার
ক্রিয়া,র
বিশেষ্য,া
বিশেষ্য,ি
বিশেষ্য,ো
বিশেষ্য,টে
বিশেষণ,কো
বিশেষ্য,ম
বিশেষ্য,য়া
বিশেষ্য,ইট
বিশেষ্য,জিট
বিশেষ্য,গুড়
বিশেষ্য,ই
বিশেষ্য,ঢাকি
বিশেষ্য,ফ
বিশেষ্য,া
বিশেষ্য,ন
বিশেষ্য,িত
বিশেষ্য,ক
বিশেষ্য,ণ
অব্যয়,চ
বিশেষ্য,ক্ত
বিশেষণ,ং
বিশেষণ,ন্তন
বিশেষ্য,ধ
বিশেষ্য,ক
বিশেষ্য,ী
বিশেষণ,ি
বিশেষ্য,ক
বিশেষ্য,শ
বিশেষ্য,রি
বিশেষ্য,ি
বিশেষ্য,া
বিশেষ্য,রি
ক্রিয়া,ল
বিশেষ্য,ু
বিশেষ্য,ী
বিশেষ্য,ি
বিশেষ্য,র
ক্রিয়া,নো
বিশেষ্য,দা
বিশেষ্য,রি
বিশেষ্য,ম
বিশেষ্য,য়া
বিশেষ্য,ক
বিশেষণ,া
বিশেষ্য,ন
বিশেষ্য,া
বিশেষ্য,স
বিশেষ্য,া
বিশেষ্য,নো
বিশেষ্য,ি
বিশেষ্য,ত
বিশেষ্য,ু
ক্রিয়া,নো
ক্রিয়া,র
ক্রিয়া,ল
বিশেষ্য,ক
বিশেষ্য,িক
বিশেষ্য,ক
বিশেষণ,িক
বিশেষ্য,দি
বিশেষ্য,ম
বিশেষ্য,শা
বিশেষ্য,কুট
বিশেষ্য,াশ্ম
বিশেষণ,্য
বিশেষ্য,না
বিশেষ্য,ক
বিশেষ্য,কা
বিশেষ্য,ম
বিশেষ্য,ক
বিশেষ্য,ঙ্গিল
বিশেষ্য,ত
বিশেষ্য,র
বিশেষ্য,কামোদ
বিশেষ্য,শ্যাম
বিশেষণ,ক
বিশেষ্য,ং
বিশেষণ,ম
বিশেষ্য,া
বিশেষ্য,ত
ক্রিয়া,নল
ক্রিয়া,র
বিশেষ্য,া
বিশেষ্য,শ
বিশেষণ,নো
বিশেষণ,পোকা
বিশেষ্য,ই
বিশেষ্য,জোড়
বিশেষ্য,া
বিশেষ্য,পাড়া
ক্রিয়া,ক্কা
ক্রিয়া,জ
ক্রিয়া,লে
বিশেষ্য,ণ
বিশেষ্য,মাণ
বিশেষ্য,া
বিশেষ্য,ন্বিত
বিশেষ্য,িত
ক্রিয়া,ম্পতি
বিশেষ্য,েণু
বিশেষ্য,ংশ
বিশেষ্য,ক
বিশেষ্য,পল
বিশেষ্য,শ
বিশেষ্য,ক
বিশেষ্য,িক
বিশেষ্য,ক
বিশেষ্য,ক
বিশেষ্য,র
বিশেষ্য,ী
বিশেষ্য,োদশ
বিশেষ্য,োবিংশ
ক্রিয়া,ল
বিশেষ্য,া
বিশেষণ,িণ
বিশেষ্য,রায়
বিশেষ্য,া
বিশেষ্য,চল
বিশেষ্য,চার
বিশেষ্য,ন্ত
বিশেষ্য,পথ
বিশেষ্য,বর্ত
বিশেষ্য,বহ
বিশেষ্য,স্য
বিশেষ্য,য়ন
বিশেষ্য,ী
বিশেষ্য,া
বিশেষণ,া
বিশেষ্য,ম
বিশেষ্য,ক
বিশেষ্য,লস
বিশেষ্য,াক
বিশেষ্য,ারণ্য
বিশেষ্য,া
ক্রিয়া,র্হ
ক্রিয়া,য়মান
বিশেষ্য,ি
বিশেষ্য,ত
বিশেষ্য,ী
বিশেষ্য,্য
বিশেষণ,ি
বিশেষ্য,াবল
বিশেষ্য,কা
বিশেষ্য,ায়ুধ
বিশেষ্য,ী
বিশেষ্য,ুর
বিশেষ্য,োদ্গম
বিশেষ্য,্য
বিশেষণ,বর্ণ
বিশেষ্য,োক্তি
বিশেষ্য,োলি
বিশেষ্য,ি
বিশেষ্য,হা
বিশেষ্য,ণ
বিশেষ্য,ীয়
বিশেষ্য,খান
বিশেষ্য,না
বিশেষ্য,বেজ
বিশেষ্য,ি
বিশেষ্য,কাক
বিশেষ্য,া
বিশেষণ,শ
বিশেষ্য,ি
বিশেষ্য,ন
বিশেষণ,া
বিশেষ্য,ী
বিশেষ্য,র
বিশেষণ,য়
বিশেষণ,নী
বিশেষ্য,ণ
বিশেষ্য,া
বিশেষ্য,না
বিশেষ্য,র
বিশেষ্য,ল
বিশেষ্য,ষা
বিশেষ্য,পাত
বিশেষ্য,ীয়
বিশেষণ,াংশু
বিশেষণ,ি
বিশেষণ,িকা
বিশেষ্য,র্মিত্ত
বিশেষ্য,য়া
বিশেষ্য,ণ
বিশেষ্য,ঙ্ক্ষা
বিশেষ্য,ত
বিশেষ্য,ত
বিশেষণ,ি
বিশেষ্য,ন্ধ
বিশেষ্য,পতি
বিশেষ্য,ম
বিশেষ্য,া
বিশেষ্য,ধিপতি
বিশেষ্য,েশ
বিশেষ্য,্রহ
বিশেষণ,না
বিশেষ্য,্য
বিশেষণ,ি
বিশেষ্য,র
বিশেষণ,তা
বিশেষণ,্য
বিশেষণ,্তা
বিশেষ্য,া
বিশেষণ,ত
বিশেষণ,েয়
বিশেষণ,ি
বিশেষণ,া
বিশেষণ,্য
বিশেষ্য,ণ
বিশেষ্য,্য
বিশেষণ,্ম
বিশেষ্য,ি
বিশেষ্য,ী
বিশেষণ,ি
বিশেষণ,ু
বিশেষণ,ি
বিশেষণ,ান্ত
বিশেষণ,ি
ক্রিয়া,ন
ক্রিয়া,লি
বিশেষ্য,াই
বিশেষণ,মান
বিশেষ্য,দিদেব
বিশেষ্য,দেশ
বিশেষ্য,নুগ্রহ
বিশেষণ,ক
বিশেষ্য,রি
বিশেষ্য,শ্রিত
বিশেষণ,র
বিশেষ্য,ত
বিশেষ্য,ীত
বিশেষ্য,্মপ্রত্যয়
বিশেষ্য,্মবাদ
বিশেষ্য,ন্ত
বিশেষ্য,র
বিশেষ্য,বরণ
বিশেষ্য,বসান
বিশেষ্য,রা
বিশেষ্য,নি
বিশেষ্য,ন
বিশেষণ,্যমান
বিশেষ্য,া
বিশেষ্য,ই
বিশেষ্য,ত
বিশেষ্য,য়মান
বিশেষ্য,য়িত
বিশেষণ,া
বিশেষ্য,ত
বিশেষ্য,্য
বিশেষ্য,্ব
বিশেষ্য,ংশ
বিশেষ্য,বান
বিশেষ্য,ষত্
বিশেষ্য,ষ্ট
বিশেষ্য,ী
বিশেষণ,ায়ন
বিশেষ্য,ক
বিশেষ্য,র
বিশেষ্য,তি
বিশেষণ,িণ
বিশেষণ,্য
বিশেষ্য,িড়
বিশেষ্য,্য
বিশেষণ,ি
বিশেষ্য,স
বিশেষণ,াক
বিশেষ্য,িল্ল
বিশেষ্য,েশ্বরী
বিশেষ্য,পুর
বিশেষণ,া
ক্রিয়া,ধামসি
বিশেষ্য,র
বিশেষ্য,লি
বিশেষ্য,া
বিশেষ্য,ীয়
ক্রিয়া,লো
বিশেষ্য,ণী
বিশেষ্য,ত
বিশেষণ,িক
বিশেষ্য,ি
বিশেষ্য,া
বিশেষ্য,ত্মক
বিশেষ্য,ছকড়া
বিশেষ্য,ল
বিশেষ্য,ে
বিশেষ্য,্র
বিশেষ্য,ন
বিশেষ্য,তত্ত্ব
বিশেষ্য,া
বিশেষ্য,ি
বিশেষ্য,ত
বিশেষ্য,নী
বিশেষ্য,োত্সব
বিশেষ্য,্য
বিশেষ্য,ল
বিশেষ্য,ক
বিশেষ্য,দা
বিশেষ্য,াক্ষ
বিশেষণ,রা
বিশেষণ,ল
বিশেষ্য,ঙ্গ
বিশেষ্য,দোলা
বিশেষ্য,ালি
বিশেষ্য,ি
বিশেষ্য,ক
বিশেষণ,া
বিশেষ্য,ী
বিশেষ্য,ড়
বিশেষ্য,ল
ক্রিয়া,র
বিশেষ্য,ই
বিশেষ্য,ী
বিশেষণ,ক্ষ
বিশেষণ,ক
বিশেষ্য,র
বিশেষ্য,ঙ্কিত
বিশেষ্য,ন্তর
বিশেষণ,ী
বিশেষণ,য়
ক্রিয়া,ঙ্গা
ক্রিয়া,চ
ক্রিয়া,জ
ক্রিয়া,য়ণ
বিশেষ্য,য়েক
বিশেষ্য,ি
ক্রিয়া,ক
বিশেষ্য,ুণ
বিশেষ্য,ি
বিশেষ্য,িলা
বিশেষ্য,্র
বিশেষ্য,িত
বিশেষ্য,ন
বিশেষ্য,ত
বিশেষ্য,ু
বিশেষ্য,ই
বিশেষ্য,ন্ত
বিশেষ্য,া
বিশেষ্য,ণ
বিশেষ্য,ীয়
বিশেষ্য,ন
বিশেষ্য,্তা
বিশেষ্য,ক
বিশেষ্য,ন
বিশেষ্য,ি
বিশেষ্য,ণ
বিশেষণ,াংশ
বিশেষণ,াঙ্গ
বিশেষণ,াঞ্চল
বিশেষ্য,র
বিশেষ্য,শ
বিশেষণ,িশয়
বিশেষণ,ীত
বিশেষণ,্যয়
বিশেষণ,র
বিশেষণ,াল
বিশেষ্য,র
বিশেষণ,্র
বিশেষ্য,ঙ্ক্ষ
বিশেষ্য,র
বিশেষ্য,র
বিশেষণ,্বাস
বিশেষণ,্রয়
বিশেষ্য,র
বিশেষ্য,ি
বিশেষ্য,গ্ন
বিশেষ্য,ট
বিশেষ্য,্ব
বিশেষ্য,ধ
বিশেষ্য,ক
বিশেষণ,্প
ক্রিয়া,র
বিশেষণ,্য
বিশেষণ,ি
বিশেষ্য,সা
বিশেষণ,া
ক্রিয়া,ল
বিশেষ্য,ন
বিশেষণ,ি
ক্রিয়া,ণ
ক্রিয়া,ল্য
ক্রিয়া,য়িক
বিশেষণ,ন
বিশেষণ,ীকরণ
বিশেষ্য,্য
বিশেষণ,ি
বিশেষণ,ী
বিশেষ্য,ন
বিশেষ্য,ত
বিশেষ্য,দল
বিশেষ্য,ন
বিশেষ্য,া
বিশেষ্য,ত
বিশেষ্য,িনী
বিশেষণ,া
বিশেষ্য,ণ্টক
বিশেষ্য,র
বিশেষণ,ুণ
বিশেষণ,্ম
বিশেষণ,া
বিশেষণ,্ষ
বিশেষ্য,ল
বিশেষণ,ঙ্ক
বিশেষণ,ুষ
বিশেষ্য,াম
বিশেষ্য,ারণ
বিশেষ্য,ুল
বিশেষ্য,ৃতি
বিশেষ্য,োষণ
বিশেষ্য,্রান্ত
বিশেষ্য,্রিয়
বিশেষণ,া
বিশেষ্য,্রয়
বিশেষণ,া
বিশেষ্য,ী
বিশেষ্য,্দ্র
বিশেষ্য,্ধ
বিশেষ্য,ঙ্গ
বিশেষ্য,ণ
বিশেষ্য,িণী
বিশেষণ,া
বিশেষ্য,ংশ
বিশেষণ,িত
বিশেষ্য,্তা
বিশেষ্য,্ত্রক
বিশেষ্য,্ত্রণ
বিশেষ্য,সেবা
বিশেষ্য,ঞ্জন
বিশেষ্য,ভ
বিশেষ্য,ম্বর
বিশেষ্য,ি
বিশেষ্য,িকা
বিশেষ্য,া
বিশেষ্য,্য
বিশেষ্য,্য
বিশেষ্য,র
বিশেষ্য,ক
বিশেষ্য,্য
বিশেষ্য,িক
বিশেষ্য,া
বিশেষ্য,নন্দ
বিশেষ্য,রাম
বিশেষ্য,শ
বিশেষ্য,াধরোষ্ঠী
বিশেষণ,াশয়
বিশেষ্য,ী
বিশেষ্য,য়
বিশেষ্য,্ম
বিশেষ্য,্তি
বিশেষ্য,ি
বিশেষ্য,িকা
বিশেষ্য,ত্
বিশেষ্য,িকা
বিশেষ্য,ীতি
বিশেষ্য,ী
বিশেষ্য,ন
বিশেষ্য,বস্ত্র
বিশেষ্য,স
বিশেষ্য,ি
বিশেষ্য,কা
বিশেষ্য,শ
বিশেষ্য,ু
বিশেষ্য,্ত
বিশেষ্য,ত্
বিশেষণ,িত
বিশেষণ,র
বিশেষণ,া
বিশেষ্য,ণী
বিশেষ্য,ি
বিশেষ্য,া
বিশেষ্য,ী
বিশেষণ,ৃত্
বিশেষ্য,বিভূষণ
বিশেষ্য,ভূষণ
বিশেষ্য,শ্রী
বিশেষ্য,া
বিশেষ্য,কর
বিশেষ্য,ক্ষ
বিশেষ্য,বতী
বিশেষ্য,লয়া
বিশেষ্য,সন
বিশেষ্য,িনী
বিশেষণ,ি
বিশেষ্য,র
বিশেষ্য,িয়া
বিশেষণ,্য
বিশেষণ,ষ
বিশেষ্য,া
বিশেষ্য,োপজীবী
বিশেষ্য,র
বিশেষণ,্
বিশেষ্য,ৈষণা
বিশেষ্য,ৈষী
বিশেষ্য,া
বিশেষ্য,ত
বিশেষ্য,্পর
বিশেষ্য,্মা
বিশেষ্য,র
বিশেষ্য,ন
বিশেষ্য,িত
বিশেষ্য,ত
বিশেষ্য,ু
বিশেষ্য,্ত
বিশেষ্য,্তা
বিশেষ্য,্ম
বিশেষ্য,্ষ
বিশেষ্য,া
বিশেষ্য,ণ
বিশেষ্য,্যা
বিশেষ্য,মান
বিশেষ্য,ী
বিশেষ্য,ি
ক্রিয়া,ন
বিশেষ্য,ক
বিশেষ্য,ন
বিশেষ্য,ণ
বিশেষ্য,িত
বিশেষণ,্ত
বিশেষ্য,ি
বিশেষ্য,া
বিশেষ্য,ন
বিশেষ্য,্যা
বিশেষ্য,ণ
বিশেষ্য,ল
বিশেষ্য,িত
বিশেষ্য,া
বিশেষ্য,িত
বিশেষ্য,খ
বিশেষ্য,ন
বিশেষণ,ি
বিশেষণ,ি
বিশেষ্য,্য
বিশেষ্য,ান
বিশেষ্য,ান
অব্যয়,তাপ
বিশেষ্য,াভিমুখ
বিশেষ্য,ি
বিশেষ্য,োত্তানাসন
বিশেষ্য,া
বিশেষ্য,াল
বিশেষ্য,ুই
বিশেষ্য,ড়া
বিশেষ্য,ন
বিশেষ্য,ালি
বিশেষ্য,িল
বিশেষ্য,া
বিশেষ্য,ি
বিশেষণ,ে
বিশেষ্য,ুটে
বিশেষ্য,া
বিশেষ্য,া
ক্রিয়া,নো
ক্রিয়া,পাকি
ক্রিয়া,শয়
বিশেষণ,স্তানি
বিশেষ্য,জ
বিশেষ্য,ি
বিশেষ্য,ড়
বিশেষণ,জন্য
বিশেষণ,বার্ষিক
বিশেষণ,ভৌতিক
বিশেষণ,াল
বিশেষ্য,ব
বিশেষ্য,াঠি
বিশেষ্য,িলে
বিশেষ্য,েল
বিশেষ্য,াই
বিশেষ্য,ি
বিশেষ্য,লি
বিশেষ্য,গণিত
বিশেষ্য,পত্র
বিশেষ্য,ো
বিশেষ্য,্তর
বিশেষণ,াবস্হা
বিশেষ্য,নীয়
বিশেষ্য,চি
বিশেষ্য,া
বিশেষণ,বাহার
বিশেষণ,মল
বিশেষণ,ল
বিশেষ্য,ত
বিশেষণ,্য
বিশেষ্য,বুর্জোয়া
বিশেষ্য,্য
বিশেষ্য,ল
বিশেষ্য,ৌড়ি
বিশেষণ,ি
বিশেষণ,ে
বিশেষ্য,র
বিশেষ্য,ি
বিশেষণ,ি
বিশেষণ,ী
বিশেষ্য,শু
বিশেষণ,্য
বিশেষ্য,ক
বিশেষ্য,র্শী
বিশেষ্য,ারিক
বিশেষ্য,ার্য
বিশেষ্য,েশ্য
বিশেষণ,া
বিশেষ্য,নো
বিশেষ্য,পার
বিশেষ্য,বত
বিশেষ্য,বার
বিশেষ্য,শর
বিশেষ্য,য়ণ
বিশেষ্য,িক
বিশেষ্য,্য
বিশেষ্য,িক
বিশেষ্য,টাইম
বিশেষ্য,নার
বিশেষ্য,ি
বিশেষ্য,ক্য
বিশেষ্য,ব
বিশেষ্য,িব
বিশেষ্য,াস্হি
বিশেষণ,ি
বিশেষ্য,া
বিশেষ্য,ি
বিশেষ্য,ন
বিশেষ্য,ো
বিশেষ্য,ত
বিশেষণ,্য
বিশেষ্য,শ
বিশেষ্য,য়ান
বিশেষ্য,পাশি
বিশেষ্য,ি
বিশেষ্য,িত
বিশেষ্য,েশ
বিশেষ্য,সা
বিশেষ্য,ি
বিশেষণ,ক
বিশেষ্য,পীড়ি
বিশেষ্য,ি
বিশেষ্য,ি
বিশেষণ,ার
বিশেষ্য,িলন
বিশেষ্য,ুদ্রণ
বিশেষ্য,োভব
বিশেষ্য,ল
বিশেষ্য,হিনি
অব্যয়,গত
অব্যয়,ঘটিত
অব্যয়,ঙ্গনা
অব্যয়,ণ
অব্যয়,তত্ত্ব
অব্যয়,তন
অব্যয়,ধ্যক্ষ
অব্যয়,বিত্
বিশেষ্য,য়া
বিশেষ্য,ষ
বিশেষণ,ষ
বিশেষ্য,্টু
বিশেষণ,হূত
বিশেষণ,ডাশ
বিশেষণ,পুরি
বিশেষণ,বর্তী
বিশেষণ,বাহু
বিশেষণ,ভাগ
বিশেষণ,ভূমি
বিশেষণ,যাত্রা
বিশেষণ,হিত
বিশেষ্য,্দা
বিশেষ্য,ও
বিশেষ্য,িণী
বিশেষণ,মান
বিশেষ্য,কা
বিশেষণ,িমা
বিশেষণ,েন্দু
বিশেষণ,োপমা
বিশেষ্য,ি
বিশেষ্য,া
বিশেষণ,য়া
বিশেষ্য,িয়াম
বিশেষ্য,জ
বিশেষ্য,ই
বিশেষ্য,া
বিশেষ্য,া
বিশেষ্য,ও
ক্রিয়া,নো
বিশেষণ,ই
বিশেষ্য,গ্র্যাজুয়েট
বিশেষ্য,া
বিশেষ্য,তি
বিশেষ্য,ল
বিশেষ্য,া
বিশেষ্য,েয়
বিশেষণ,াপর্য
বিশেষণ,াহ্নিক
বিশেষ্য,া
বিশেষ্য,নো
বিশেষ্য,শুট
বিশেষ্য,ত
বিশেষণ,ি
বিশেষ্য,লন
বিশেষণ,ি
বিশেষ্য,ন
বিশেষ্য,্ম
বিশেষ্য,ত
বিশেষ্য,য়িনী
বিশেষণ,প্তি
বিশেষণ,া
বিশেষ্য,ন
বিশেষ্য,ী
বিশেষণ,ু
বিশেষ্য,ত
বিশেষ্য,াত
বিশেষ্য,র
সর্বনাম,ধি
সর্বনাম,বৃত্ত
বিশেষ্য,ান
বিশেষ্য,ন
বিশেষ্য,িত
বিশেষ্য,করণ
বিশেষ্য,পমা
বিশেষ্য,য
বিশেষ্য,ন
বিশেষ্য,ত্সা
বিশেষ্য,ত
বিশেষ্য,ী
বিশেষ্য,ত
বিশেষ্য,স
বিশেষ্য,ন
বিশেষণ,ি
বিশেষ্য,পি
বিশেষণ,ি
বিশেষ্য,পন
বিশেষ্য,ণ
বিশেষ্য,্গ
বিশেষ্য,ক
বিশেষ্য,্য
বিশেষ্য,্ষা
বিশেষণ,্ষ
বিশেষ্য,ত
বিশেষণ,ি
অব্যয়,্তর
অব্যয়,্থান
অব্যয়,্পন্ন
বিশেষণ,িণ
বিশেষ্য,্শক
বিশেষ্য,্শন
বিশেষ্য,্শশালা
বিশেষ্য,মহ
বিশেষণ,্তন
বিশেষণ,্তমান
বিশেষ্য,ণ
বিশেষণ,ি
বিশেষ্য,িত
বিশেষ্য,্যা
বিশেষ্য,ত
বিশেষ্য,ফেরি
বিশেষ্য,ব
বিশেষ্য,স
বিশেষ্য,ন
বিশেষ্য,েশ
বিশেষ্য,ণ
বিশেষ্য,তা
বিশেষণ,মহ
বিশেষ্য,থী
বিশেষ্য,দ
বিশেষ্য,রা
বিশেষ্য,াত্
বিশেষ্য,ত
বিশেষণ,্ন
বিশেষণ,ি
বিশেষ্য,েশ
বিশেষণ,ি
বিশেষ্য,্য
বিশেষ্য,্পণ
বিশেষ্য,ন
বিশেষণ,্ত
বিশেষ্য,্ধ
বিশেষণ,ন
বিশেষ্য,র
বিশেষ্য,াব
বিশেষ্য,ার
বিশেষ্য,ুত
বিশেষ্য,ণ
বিশেষ্য,ান
বিশেষ্য,াপন
বিশেষ্য,ণ
বিশেষ্য,া
বিশেষ্য,র্ধ
বিশেষ্য,ী
বিশেষ্য,্তা
বিশেষ্য,ি
বিশেষ্য,ম্য
বিশেষ্য,র
বিশেষণ,িক
বিশেষ্য,ন
বিশেষ্য,র
ক্রিয়া,পত্য
বিশেষণ,ি
বিশেষ্য,ারাম
বিশেষ্য,ায়াম
বিশেষ্য,িপাত
বিশেষ্য,ঃ
বিশেষ্য,রাশ
বিশেষ্য,র্গেয়
বিশেষ্য,র্বাক্য
বিশেষ্য,র্ভোজন
বিশেষ্য,িকূল্য
বিশেষ্য,িপাদিক
বিশেষ্য,িভাসিক
বিশেষ্য,িষ্ঠানিক
বিশেষ্য,িস্বিক
বিশেষ্য,্যহিক
বিশেষ্য,্যয়িক
বিশেষ্য,ন্য
বিশেষ্য,র
বিশেষণ,ি
বিশেষ্য,িক
বিশেষণ,ক
বিশেষ্য,ক
বিশেষ্য,ন
বিশেষ্য,স্ত্য
বিশেষ্য,্নিক
বিশেষ্য,ঙ্গিক
বিশেষ্য,াদ
বিশেষ্য,িক
বিশেষণ,শ্চিত্ত
বিশেষণ,ান্ধকার
বিশেষণ,ি
বিশেষ্য,ারা
বিশেষ্য,া
বিশেষ্য,্ঠ
বিশেষ্য,ক্রিপশন
বিশেষ্য,িডেণ্ট
বিশেষণ,সী
বিশেষ্য,ন
বিশেষ্য,াণ্ট
বিশেষণ,্ফুল্ল
বিশেষণ,্সাহ
বিশেষণ,র
বিশেষণ,ার
বিশেষ্য,েটারিয়ম
বিশেষ্য,ো
বিশেষ্য,া
বিশেষণ,কাঙ্ক্ষা
বিশেষ্য,ন
বিশেষ্য,ী
বিশেষ্য,া
বিশেষ্য,ি
বিশেষ্য,া
ক্রিয়া,লো
বিশেষ্য,ি
বিশেষ্য,র
বিশেষ্য,া
বিশেষ্য,া
বিশেষ্য,ি
বিশেষ্য,ুড়ে
বিশেষ্য,াল
বিশেষ্য,েরিয়া
বিশেষ্য,া
বিশেষ্য,্স
বিশেষ্য,্ত
বিশেষ্য,ল
বিশেষ্য,া
বিশেষ্য,া
বিশেষ্য,া
বিশেষ্য,লাল
বিশেষণ,ান
ক্রিয়া,ং
বিশেষ্য,ংপ্যান
বিশেষণ,জ
বিশেষ্য,ি
বিশেষণ,া
বিশেষ্য,ম
বিশেষ্য,ি
বিশেষ্য,শ
বিশেষ্য,প্রত্যাশা
বিশেষণ,র
বিশেষণ,ী
বিশেষণ,করণ
বিশেষ্য,্তি
বিশেষ্য,া
বিশেষ্য,ই
বিশেষ্য,ল
বিশেষ্য,শ
বিশেষ্য,র
বিশেষ্য,ল
বিশেষ্য,াদন
বিশেষ্য,ী
বিশেষ্য,রি
বিশেষ্য,র
বিশেষ্য,িত
বিশেষ্য,িশ
বিশেষ্য,ুক
বিশেষ্য,ে
ক্রিয়া,গি
ক্রিয়া,জ
বিশেষ্য,োবস্ত
বিশেষ্য,্যঘটি
বিশেষ্য,ক
বিশেষ্য,ন
বিশেষ্য,ু
বিশেষ্য,র
বিশেষ্য,্
বিশেষ্য,য
বিশেষণ,া
বিশেষ্য,াজ
বিশেষ্য,প
বিশেষ্য,না
বিশেষ্য,্ঠ
বিশেষ্য,ীকরণ
ক্রিয়া,ন
ক্রিয়া,াইস
বিশেষ্য,াট
বিশেষ্য,িক
বিশেষ্য,িনী
বিশেষ্য,ী
বিশেষ্য,ী
বিশেষণ,া
বিশেষ্য,ণ
বিশেষ্য,া
বিশেষ্য,কালীন
বিশেষ্য,গম
বিশেষ্য,তি
বিশেষ্য,ত্যয়
বিশেষ্য,নো
বিশেষ্য,বসান
বিশেষ্য,িত
বিশেষ্য,িষ্ঠ
বিশেষ্য,োপল
বিশেষ্য,িভাগ
বিশেষ্য,লি
বিশেষ্য,ণ
বিশেষ্য,ী
বিশেষ্য,্য
বিশেষ্য,ি
বিশেষ্য,ম্বর
বিশেষ্য,া
বিশেষ্য,কুল
বিশেষ্য,ুল
বিশেষ্য,লাঠি
বিশেষ্য,ন
বিশেষ্য,া
বিশেষ্য,রি
বিশেষ্য,ি
বিশেষ্য,দেশ
বিশেষ্য,ি
বিশেষ্য,য
ক্রিয়া,ড়ম্বর
ক্রিয়া,ত
ক্রিয়া,ন
বিশেষ্য,ো
ক্রিয়া,ল
বিশেষ্য,চা
বিশেষ্য,ন্দ্রিয়
বিশেষ্য,া
বিশেষণ,া
বিশেষ্য,ম্বর
বিশেষ্য,র
বিশেষ্য,ল
বিশেষ্য,া
ক্রিয়া,র
বিশেষণ,ট
বিশেষণ,য়াপ্ত
বিশেষ্য,ক
বিশেষ্য,া
বিশেষ্য,ই
বিশেষ্য,ব
বিশেষ্য,া
বিশেষ্য,ি
বিশেষ্য,নুকূল
বিশেষ্য,ন্বিত
বিশেষ্য,বরণ
বিশেষ্য,বর্ত
বিশেষ্য,স
বিশেষ্য,া
বিশেষ্য,হত
বিশেষ্য,য়ন
বিশেষ্য,ক
বিশেষ্য,ঘর
বিশেষ্য,ল
বিশেষ্য,স্তম্ভ
বিশেষ্য,ি
বিশেষ্য,ড়
বিশেষ্য,নুবাদ
বিশেষ্য,ম
বিশেষ্য,ল
বিশেষণ,্র
ক্রিয়া,ন
বিশেষ্য,ো
বিশেষ্য,ই
বিশেষ্য,র্চি
বিশেষ্য,ক্ষী
বিশেষ্য,চার
বিশেষ্য,বর্ত
বিশেষ্য,ল
বিশেষ্য,াবত
বিশেষ্য,িনী
বিশেষণ,া
ক্রিয়া,ঙ্গনা
ক্রিয়া,ণসী
ক্রিয়া,ন্তর
ক্রিয়া,ন্দা
বিশেষ্য,ই
বিশেষ্য,খানা
বিশেষ্য,ত্য
বিশেষ্য,পোশ
বিশেষ্য,ম
বিশেষ্য,চি
বিশেষ্য,র্ক
বিশেষ্য,কা
বিশেষ্য,চরি
বিশেষ্য,া
বিশেষ্য,ী
বিশেষণ,ত
বিশেষণ,ন্দা
বিশেষণ,ায়ন
বিশেষণ,িক
বিশেষণ,্য
বিশেষ্য,া
বিশেষ্য,া
বিশেষ্য,ল্য
বিশেষণ,মান
বিশেষণ,ে
বিশেষ্য,ন্দ্রিয়
বিশেষণ,্ছ
বিশেষণ,া
বিশেষণ,্প
ক্রিয়া,র
ক্রিয়া,ল
বিশেষ্য,নি
বিশেষ্য,রণ
বিশেষ্য,ণ
বিশেষ্য,াব্দ
বিশেষণ,ার্তবা
বিশেষ্য,ন
বিশেষ্য,ত
বিশেষ্য,ন
বিশেষ্য,র
বিশেষণ,বীর্য
বিশেষণ,ানুষ্ঠান
বিশেষণ,িত
বিশেষ্য,রণ
বিশেষ্য,না
বিশেষণ,ন
বিশেষ্য,া
বিশেষণ,ি
বিশেষণ,ীয়
বিশেষণ,প্তি
বিশেষণ,াত
বিশেষণ,ান
বিশেষণ,াপক
বিশেষণ,াপন
বিশেষণ,েয়
বিশেষ্য,া
বিশেষ্য,ল
বিশেষ্য,ন
বিশেষ্য,ন
বিশেষ্য,ী
বিশেষ্য,ষ্ট
বিশেষ্য,জ্জিহ্ব
বিশেষ্য,ত্
বিশেষ্য,ণ
বিশেষণ,্য
বিশেষ্য,তা
বিশেষ্য,ন
বিশেষ্য,য়
বিশেষ্য,ত্সা
বিশেষ্য,ত
বিশেষ্য,র
অব্যয়,মা
অব্যয়,শ
অব্যয়,য়ক
বিশেষণ,ন
বিশেষ্য,ন
বিশেষ্য,ক
বিশেষ্য,ন
বিশেষ্য,কর্ষ
বিশেষ্য,কার
বিশেষ্য,কীর্ণ
বিশেষ্য,তিপত্তি
বিশেষ্য,তীপ
বিশেষ্য,যুক্ত
বিশেষ্য,লব্ধ
বিশেষ্য,লম্ভ
বিশেষ্য,লাভ
বিশেষ্য,া
বিশেষ্য,া
ক্রিয়া,ক
বিশেষ্য,্ণ
বিশেষ্য,্ত
বিশেষ্য,ন
বিশেষ্য,িত
বিশেষ্য,্ধক
বিশেষ্য,্ধন
বিশেষ্য,ি
বিশেষ্য,ক্ত
বিশেষ্য,ক্ষা
বিশেষ্য,ধ
বিশেষণ,্ত
বিশেষণ,ি
বিশেষ্য,ি
বিশেষ্য,গ
বিশেষ্য,জক
বিশেষ্য,ব
বিশেষ্য,ন
বিশেষ্য,রী
বিশেষ্য,র
বিশেষ্য,ষা
বিশেষ্য,স
বিশেষ্য,া
বিশেষ্য,ঁই
বিশেষ্য,িত
বিশেষ্য,জ
বিশেষ্য,সুলভ
বিশেষ্য,না
বিশেষ্য,ি
বিশেষণ,ণ
বিশেষ্য,ীয়
ক্রিয়া,ওল
ক্রিয়া,ত
ক্রিয়া,নো
ক্রিয়া,প
ক্রিয়া,স
বিশেষ্য,খন
বিশেষ্য,য়ন
বিশেষ্য,য়ার্ড
বিশেষণ,াক্ষ
বিশেষণ,ণ
বিশেষণ,ীকরণ
বিশেষণ,্য
বিশেষ্য,সিত
বিশেষ্য,স্ত
বিশেষ্য,াত্মা
বিশেষ্য,ামিত্র
বিশেষ্য,াস
বিশেষ্য,েশ্বর
বিশেষ্য,্ভ
ক্রিয়া,ক্ত
ক্রিয়া,ণ
ক্রিয়া,দ
ক্রিয়া,নো
ক্রিয়া,ন্তক
বিশেষণ,া
বিশেষ্য,ন
বিশেষণ,ণ
বিশেষ্য,ণ
বিশেষ্য,া
বিশেষ্য,ত
বিশেষ্য,হোত্র
বিশেষণ,সন
বিশেষ্য,ি
বিশেষণ,ধাড়ি
বিশেষণ,ি
বিশেষণ,ীন্দ্রিয়
বিশেষ্য,য়ান
বিশেষ্য,িন
বিশেষ্য,াকার
বিশেষ্য,ান্ত
বিশেষ্য,াভাস
বিশেষ্য,ি
বিশেষণ,ি
বিশেষণ,্যাজীব
বিশেষ্য,াক
বিশেষ্য,া
বিশেষ্য,বন
বিশেষ্য,্র
বিশেষ্য,ল
ক্রিয়া,ল
বিশেষ্য,া
বিশেষণ,গা
বিশেষ্য,ইম
বিশেষ্য,া
ক্রিয়া,জাল
বিশেষ্য,ি
বিশেষ্য,ে
অব্যয়,ন
অব্যয়,লা
ক্রিয়া,র
ক্রিয়া,ল
বিশেষ্য,ি
বিশেষণ,ব্য
বিশেষ্য,ম
ক্রিয়া,জ
বিশেষ্য,োবস্ত
বিশেষ্য,ি
বিশেষ্য,ন
বিশেষণ,ল্লা
বিশেষণ,স্তারা
বিশেষ্য,ম
বিশেষ্য,ি
বিশেষ্য,া
বিশেষ্য,্য
বিশেষ্য,্য
বিশেষ্য,িক
বিশেষণ,িক
বিশেষণ,িক
বিশেষ্য,্য
বিশেষণ,্য
বিশেষ্য,িক
বিশেষণ,্য
বিশেষ্য,্য
বিশেষ্য,ি
বিশেষণ,্য
বিশেষ্য,ক
বিশেষণ,ল
বিশেষণ,ি
বিশেষণ,ীকৃত
বিশেষণ,্য
বিশেষ্য,া
বিশেষ্য,ক্ত
বিশেষ্য,পক
বিশেষ্য,ক
বিশেষ্য,ারি
বিশেষ্য,েজ
বিশেষ্য,ি
ক্রিয়া,দন
ক্রিয়া,র
বিশেষ্য,হ
বিশেষ্য,ট
বিশেষ্য,ান্স
বিশেষ্য,োল
বিশেষ্য,কূট
বিশেষ্য,ক্ত
বিশেষ্য,বাক্য
বিশেষ্য,িস
বিশেষ্য,ডাঙা
বিশেষ্য,া
বিশেষ্য,ত্তর
বিশেষ্য,বর্ত
বিশেষ্য,োপাসনা
বিশেষণ,ণ
বিশেষণ,িকা
বিশেষণ,ী
বিশেষ্য,ফাস্ট
বিশেষ্য,র
বিশেষ্য,িল
বিশেষ্য,ুর
বিশেষ্য,াচার্য
বিশেষ্য,ারক
বিশেষণ,া
বিশেষণ,ুল
বিশেষণ,ণী
বিশেষণ,সন
বিশেষণ,োচিত
বিশেষণ,ত্
বিশেষণ,িযুক্ত
বিশেষ্য,ুক
বিশেষ্য,া
বিশেষ্য,ুই
বিশেষ্য,ানো
বিশেষ্য,ার
বিশেষ্য,ড়
বিশেষ্য,ভাগি
বিশেষ্য,ি
বিশেষ্য,স
ক্রিয়া,নি
ক্রিয়া,নো
বিশেষ্য,া
ক্রিয়া,ভাজা
বিশেষ্য,র
বিশেষ্য,লি
বিশেষ্য,ারা
বিশেষ্য,ীর
বিশেষ্য,র
বিশেষ্য,জা
বিশেষণ,া
বিশেষ্য,ম
বিশেষ্য,বর্ষ
বিশেষ্য,ীয়
বিশেষ্য,ী
বিশেষণ,বাসা
বিশেষণ,মানুষ
বিশেষ্য,দ
বিশেষ্য,ক
বিশেষ্য,য়া
বিশেষণ,ি
বিশেষ্য,কা
বিশেষ্য,ষ্ঠ
বিশেষ্য,ার
বিশেষ্য,িকা
বিশেষ্য,ি
ক্রিয়া,ল
বিশেষ্য,ী
বিশেষ্য,র্হ
বিশেষ্য,সক্ত
বিশেষ্য,য়তন
বিশেষ্য,া
বিশেষ্য,েজ
বিশেষ্য,তারা
বিশেষ্য,ণ
বিশেষ্য,মাণ
বিশেষ্য,র
বিশেষ্য,া
ক্রিয়া,ত্মক
ক্রিয়া,ন্ধ
বিশেষ্য,ি
বিশেষ্য,যন্ত্র
বিশেষণ,ি
বিশেষ্য,ি
বিশেষ্য,র
বিশেষ্য,ল
বিশেষ্য,ন
বিশেষ্য,প
বিশেষ্য,ল
বিশেষ্য,ূক
বিশেষ্য,ূর
বিশেষ্য,ম
বিশেষ্য,াহ্ন
বিশেষণ,ি
বিশেষ্য,্যাগ
বিশেষ্য,গত্
বিশেষ্য,্ঞ
বিশেষ্য,া
ক্রিয়া,র
বিশেষ্য,ি
বিশেষণ,ির
বিশেষ্য,ন্য
বিশেষ্য,ক
বিশেষণ,ন
বিশেষণ,র
বিশেষণ,া
বিশেষ্য,কিনী
বিশেষণ,া
বিশেষ্য,গ্নি
বিশেষ্য,নিল
বিশেষ্য,র
বিশেষণ,ির
বিশেষ্য,া
বিশেষণ,ীভূত
বিশেষণ,ুরা
বিশেষণ,্রা
বিশেষ্য,ন
বিশেষ্য,র
বিশেষ্য,াদ্রি
বিশেষণ,য়া
বিশেষ্য,কা
বিশেষণ,র
বিশেষ্য,া
বিশেষ্য,ার
বিশেষ্য,িক
বিশেষণ,ক
বিশেষণ,ান
বিশেষণ,া
বিশেষণ,ি
বিশেষ্য,ষ্ক
বিশেষ্য,ি
বিশেষ্য,ী
বিশেষ্য,ি
বিশেষ্য,্রোস্কোপ
বিশেষ্য,র
বিশেষ্য,ন্দ
বিশেষ্য,া
বিশেষ্য,ি
বিশেষ্য,ম
বিশেষ্য,া
বিশেষ্য,ি
বিশেষ্য,ুয়া
বিশেষণ,ি
বিশেষ্য,ল
ক্রিয়া,লি
বিশেষ্য,া
বিশেষ্য,ল
বিশেষ্য,ী
বিশেষণ,ী
বিশেষ্য,ণ
বিশেষ্য,াসা
বিশেষ্য,ন
বিশেষ্য,ো
বিশেষ্য,র
ক্রিয়া,ঠা
ক্রিয়া,ত্মক
বিশেষ্য,সবাদ
বিশেষ্য,া
বিশেষ্য,িন
বিশেষ্য,েট
বিশেষ্য,ণ
বিশেষ্য,ই
বিশেষ্য,বারি
বিশেষ্য,ক
বিশেষ্য,া
বিশেষ্য,নী
বিশেষ্য,ন্য
বিশেষ্য,শ
বিশেষ্য,কাঠ
বিশেষ্য,ক
বিশেষণ,্য
ক্রিয়া,ম
বিশেষ্য,া
বিশেষ্য,র
বিশেষণ,বাস
বিশেষণ,বাস
বিশেষ্য,ি
বিশেষ্য,োত্সব
বিশেষ্য,ি
বিশেষণ,র
বিশেষ্য,নি
বিশেষ্য,নি
বিশেষ্য,া
বিশেষ্য,র
বিশেষণ,া
বিশেষণ,ি
বিশেষণ,পাধ্যায়
বিশেষণ,শ
বিশেষণ,াভিনেতা
বিশেষণ,াভিনেতা
বিশেষণ,ার্থ
বিশেষণ,ার্থ
বিশেষ্য,ন
বিশেষ্য,িত
বিশেষ্য,র
বিশেষ্য,ম
বিশেষ্য,শ
বিশেষ্য,য়া
বিশেষণ,ি
বিশেষ্য,া
বিশেষ্য,ফির
বিশেষ্য,বিদা
বিশেষণ,ি
বিশেষ্য,তিকা
বিশেষ্য,যু
বিশেষ্য,ক
বিশেষ্য,করণ
বিশেষ্য,দণ্ড
বিশেষ্য,ন
বিশেষণ,নি
বিশেষণ,মেশা
বিশেষ্য,র
বিশেষণ,র
বিশেষ্য,ম
বিশেষ্য,ক
বিশেষ্য,ক
বিশেষ্য,া
বিশেষ্য,য়া
ক্রিয়া,না
বিশেষ্য,ক
বিশেষ্য,ন
বিশেষ্য,ট
বিশেষ্য,ন
বিশেষ্য,্মা
বিশেষ্য,ণ
বিশেষ্য,া
বিশেষ্য,াংশ
বিশেষ্য,িত
বিশেষ্য,ক
বিশেষ্য,য়াত
বিশেষ্য,ক
বিশেষ্য,ক
বিশেষণ,তা
বিশেষণ,ি
বিশেষ্য,য়া
বিশেষ্য,া
বিশেষ্য,ক
বিশেষ্য,জীবক
বিশেষ্য,ন
বিশেষ্য,িমা
বিশেষ্য,িল
বিশেষণ,া
বিশেষ্য,িয়া
বিশেষ্য,রশ্মি
বিশেষ্য,ি
বিশেষণ,ানি
বিশেষ্য,ক্লথ
বিশেষ্য,য়
বিশেষ্য,ি
ক্রিয়া,ল
ক্রিয়া,ন্ধ
ক্রিয়া,ন্বিত
ক্রিয়া,রাগি
বিশেষ্য,ীয়
বিশেষ্য,ীতি
বিশেষ্য,্য
বিশেষণ,ংস্করণ
বিশেষণ,ূয়
বিশেষণ,্কন্ধ
বিশেষণ,্ব
ক্রিয়া,ধিরাজ
বিশেষ্য,কম্পা
ক্রিয়া,সন
ক্রিয়া,হীন
বিশেষ্য,কা
বিশেষ্য,ত
বিশেষ্য,্র
বিশেষ্য,য়া
বিশেষ্য,ি
বিশেষ্য,র
বিশেষ্য,ি
বিশেষ্য,ত্য
বিশেষ্য,া
বিশেষ্য,র
বিশেষ্য,ন
বিশেষ্য,ি
বিশেষণ,ি
বিশেষ্য,থা
বিশেষ্য,ল্প
বিশেষ্য,ত
বিশেষ্য,জ
বিশেষ্য,ই
বিশেষ্য,ল্ট
বিশেষণ,য়াম
বিশেষ্য,ারেটার
বিশেষণ,র্ত
বিশেষ্য,া
বিশেষ্য,ী
বিশেষ্য,কা
বিশেষ্য,ণ
বিশেষ্য,া
বিশেষ্য,ীয়
বিশেষ্য,াধিক
বিশেষ্য,িত
বিশেষ্য,্মণ
বিশেষ্য,্মী
বিশেষ্য,্য
বিশেষণ,ীকৃত
বিশেষণ,ি
বিশেষ্য,রদার
বিশেষ্য,া
বিশেষ্য,িত
বিশেষ্য,োদর
বিশেষ্য,িং
বিশেষণ,র
বিশেষ্য,া
বিশেষণ,িক
বিশেষণ,্য
বিশেষ্য,টি
বিশেষ্য,গীতি
বিশেষণ,া
বিশেষ্য,টিক
বিশেষ্য,পোশ
বিশেষ্য,স্রাব
বিশেষ্য,য়িত
বিশেষণ,্য
বিশেষণ,ব্য
বিশেষণ,ক
বিশেষণ,য়ম
বিশেষ্য,ী
বিশেষ্য,য়
বিশেষ্য,জোখা
বিশেষ্য,পড়া
বিশেষণ,োপকরণ
বিশেষ্য,র
বিশেষ্য,কেনি
বিশেষণ,া
বিশেষ্য,ি
বিশেষ্য,্ত
বিশেষণ,ি
বিশেষণ,ু
বিশেষ্য,িনী
বিশেষ্য,র
বিশেষ্য,ুক
বিশেষ্য,রী
বিশেষ্য,ল
বিশেষ্য,ক
বিশেষ্য,রি
বিশেষণ,িক
বিশেষণ,ি
বিশেষ্য,পুরি
বিশেষ্য,না
বিশেষ্য,ী
বিশেষণ,ীয়
বিশেষণ,িক
বিশেষণ,ন
বিশেষণ,িক
ক্রিয়া,নো
বিশেষ্য,িতা
বিশেষ্য,া
বিশেষ্য,ক্ষু
বিশেষ্য,র
বিশেষ্য,ক
বিশেষ্য,পাল
বিশেষ্য,মার
বিশেষ্য,া
বিশেষ্য,কুল
বিশেষ্য,ল
বিশেষণ,া
বিশেষ্য,ি
বিশেষ্য,য়া
বিশেষ্য,া
বিশেষ্য,বান
বিশেষ্য,বের
বিশেষ্য,ার
ক্রিয়া,নি
বিশেষ্য,ফ
বিশেষণ,ীয়
বিশেষ্য,ি
বিশেষ্য,্য
বিশেষণ,া
বিশেষণ,্পু
বিশেষ্য,া
বিশেষ্য,ণ
বিশেষ্য,িক
বিশেষ্য,ী
বিশেষ্য,োপজীবী
বিশেষণ,ি
বিশেষণ,াংশ
বিশেষণ,ী
বিশেষ্য,িয়
বিশেষ্য,্ণ
বিশেষ্য,্মা
বিশেষ্য,া
বিশেষণ,মর্ক
বিশেষ্য,া
বিশেষণ,ি
বিশেষণ,ী
বিশেষ্য,া
বিশেষণ,ষাঁড়ি
বিশেষ্য,ক
বিশেষ্য,ী
বিশেষ্য,ণ
বিশেষণ,ান
বিশেষ্য,পন
বিশেষণ,ি
বিশেষ্য,ত
বিশেষ্য,িত
বিশেষ্য,সর
বিশেষ্য,া
বিশেষ্য,ী
বিশেষ্য,তি
বিশেষ্য,ন
বিশেষণ,্ত
বিশেষণ,ণ
বিশেষণ,ক
বিশেষণ,ি
বিশেষণ,ি
বিশেষ্য,ন
বিশেষ্য,পন
বিশেষণ,ি
বিশেষণ,ি
বিশেষণ,া
বিশেষ্য,গর
বিশেষ্য,র
বিশেষ্য,ল
বিশেষ্য,ক
বিশেষণ,ণ
বিশেষ্য,ল
বিশেষণ,ু
বিশেষণ,া
বিশেষ্য,র
বিশেষ্য,্র
বিশেষ্য,ি
বিশেষ্য,ী
বিশেষ্য,াস
বিশেষ্য,য
বিশেষ্য,া
বিশেষ্য,চার
বিশেষণ,ি
বিশেষ্য,ত
বিশেষণ,ি
বিশেষ্য,প্ত
বিশেষ্য,রণ
বিশেষ্য,র্পণ
বিশেষ্য,ত
বিশেষ্য,ান
বিশেষ্য,াপ
বিশেষ্য,ুষ্ট
বিশেষ্য,োলন
বিশেষ্য,োষ
বিশেষ্য,্রস্ত
বিশেষ্য,্রাস
বিশেষ্য,ত
বিশেষণ,্সা
বিশেষ্য,নী
বিশেষ্য,হ
বিশেষ্য,্ষ
বিশেষ্য,ী
বিশেষ্য,ক
বিশেষ্য,ক
বিশেষ্য,ণ
বিশেষণ,া
বিশেষ্য,ু
বিশেষণ,্প
বিশেষ্য,ক
বিশেষণ,াজ
বিশেষণ,ি
বিশেষ্য,া
সর্বনাম,র
বিশেষণ,ক
বিশেষণ,ন
বিশেষ্য,ণ
বিশেষ্য,ল
বিশেষণ,র
বিশেষ্য,ন
বিশেষণ,ুপাত
বিশেষণ,ুভূতি
বিশেষণ,্তর
বিশেষ্য,ণ
বিশেষ্য,ক্ত
বিশেষ্য,ঙ্গ
বিশেষ্য,ন্ন
বিশেষ্য,ীন
বিশেষ্য,োক্তি
বিশেষ্য,া
বিশেষ্য,ত
বিশেষণ,য়
বিশেষ্য,া
বিশেষ্য,ত
বিশেষ্য,ত
বিশেষ্য,ম
বিশেষ্য,ণ
বিশেষণ,ি
বিশেষ্য,ী
ক্রিয়া,ম
বিশেষ্য,ন
বিশেষ্য,মান
বিশেষ্য,্য
বিশেষ্য,া
বিশেষ্য,ি
বিশেষণ,োদয়
বিশেষ্য,ক
বিশেষ্য,শ
বিশেষ্য,ল
বিশেষ্য,া
বিশেষ্য,িক
বিশেষ্য,ক
বিশেষ্য,িক
বিশেষ্য,ক
বিশেষ্য,িক
বিশেষ্য,ক
বিশেষণ,গোপাল
বিশেষণ,পাঙ্গ
বিশেষণ,োপাঙ্গ
বিশেষ্য,া
বিশেষ্য,ে
বিশেষ্য,ভাজা
বিশেষ্য,ি
বিশেষ্য,া
বিশেষ্য,্য
ক্রিয়া,রণ
বিশেষণ,্র
বিশেষ্য,কম্প
বিশেষ্য,গ্রহ
বিশেষ্য,জ
বিশেষ্য,নাসিক
বিশেষ্য,নয়
বিশেষ্য,পুঙ্খ
বিশেষ্য,বন্ধ
বিশেষ্য,রাগ
বিশেষণ,র
বিশেষণ,ারা
বিশেষণ,্রী
বিশেষ্য,ি
বিশেষ্য,িক
বিশেষ্য,িক
বিশেষ্য,া
সর্বনাম,ন্তিক
বিশেষণ,ি
বিশেষ্য,ি
বিশেষ্য,ন
বিশেষ্য,্বত
বিশেষণ,ংশ
বিশেষণ,ই
বিশেষণ,ত্সার
বিশেষণ,লো
বিশেষ্য,গামা
বিশেষণ,র
বিশেষণ,ট
বিশেষ্য,ক
বিশেষণ,ত্রিক
বিশেষণ,ভৌম
বিশেষণ,িক
বিশেষ্য,র
বিশেষ্য,য্য
বিশেষণ,য
বিশেষ্য,ন্যায়
বিশেষণ,াই
বিশেষণ,ান্ত
বিশেষণ,ান্ন
বিশেষণ,ার্থ
বিশেষণ,ি
বিশেষণ,েশ্বরী
বিশেষণ,য়া
বিশেষ্য,না
বিশেষ্য,র
বিশেষ্য,ি
বিশেষ্য,দ
বিশেষ্য,স
বিশেষ্য,ি
বিশেষ্য,ার
বিশেষ্য,রি
বিশেষ্য,লয়
বিশেষ্য,হা
বিশেষণ,া
বিশেষণ,ি
বিশেষ্য,িগ্রেড
বিশেষ্য,িমিটার
বিশেষ্য,া
বিশেষণ,ল
বিশেষ্য,লু
বিশেষ্য,া
বিশেষ্য,শিপ
বিশেষ্য,চার
বিশেষ্য,ন
বিশেষ্য,্ধয়
বিশেষ্য,্য
বিশেষ্য,্ধ
বিশেষ্য,ন
বিশেষ্য,ত
বিশেষ্য,ক
বিশেষ্য,ন
বিশেষ্য,কল্পিত
বিশেষ্য,র্ম
বিশেষ্য,ীয়
বিশেষ্য,ৃত
বিশেষণ,ন্দ
বিশেষ্য,াম
বিশেষ্য,কাশ
বিশেষ্য,চিত
বিশেষ্য,াজ
বিশেষ্য,্য
বিশেষ্য,াট
বিশেষ্য,ান্ত
বিশেষ্য,াষ্ট্র
বিশেষ্য,িত
বিশেষ্য,ীশ্বর
বিশেষ্য,ূপ
বিশেষ্য,্গ
বিশেষ্য,ত
বিশেষ্য,্ণ
বিশেষ্য,্বৈদ্য
বিশেষ্য,্লোক
অব্যয়,ক
বিশেষণ,ান
বিশেষ্য,ষর
বিশেষ্য,্য
বিশেষ্য,ক
বিশেষ্য,েশিক
বিশেষণ,ায়
ক্রিয়া,জ্য
ক্রিয়া,্ত
বিশেষণ,ণ
বিশেষণ,া
বিশেষণ,ি
সর্বনাম,াঁত
বিশেষণ,গান
বিশেষ্য,েশ্বর
বিশেষণ,্বাস
বিশেষ্য,ি
বিশেষ্য,ুদ
বিশেষ্য,া
বিশেষ্য,ী
ক্রিয়া,হাঁকি
বিশেষ্য,চাচা
বিশেষ্য,য়া
বিশেষ্য,কল
বিশেষ্য,ফাঁস
বিশেষ্য,া
বিশেষ্য,ক
বিশেষ্য,ত
ক্রিয়া,র
বিশেষ্য,ি
বিশেষ্য,োল
সর্বনাম,তি
বিশেষ্য,া
বিশেষণ,স
বিশেষ্য,ম
বিশেষ্য,র
ক্রিয়া,ম
বিশেষ্য,কেন
বিশেষ্য,ত
বিশেষ্য,দ্র
বিশেষ্য,ক
বিশেষণ,ল
বিশেষ্য,নী
বিশেষ্য,ল
বিশেষ্য,ম
বিশেষ্য,্ময়
বিশেষ্য,্য
বিশেষণ,টি
বিশেষ্য,দ্দুম
বিশেষ্য,মুড়
বিশেষ্য,হুড়
বিশেষ্য,ুম
বিশেষ্য,ংকার
বিশেষ্য,েস্ত
বিশেষণ,িক
বিশেষ্য,োড়
বিশেষ্য,া
বিশেষ্য,ীত
বিশেষণ,দা
বিশেষ্য,িত
বিশেষণ,োচ্চ
বিশেষণ,তা
বিশেষ্য,বিদ্যা
বিশেষ্য,পঞ্জী
বিশেষ্য,বাদ
বিশেষ্য,ী
বিশেষণ,তা
বিশেষ্য,বহুল
বিশেষ্য,কর
বিশেষ্য,ী
বিশেষ্য,ক
বিশেষ্য,ী
বিশেষ্য,ার্ধ
বিশেষ্য,িক
বিশেষ্য,ধিক্য
বিশেষ্য,্সবাদী
বিশেষ্য,াধিকার
বিশেষ্য,বী
বিশেষ্য,িক
বিশেষ্য,াক
বিশেষ্য,ক
বিশেষণ,ি
বিশেষ্য,ক
বিশেষ্য,্ষা
বিশেষ্য,ী
বিশেষণ,্তিত
